id,article
A0001,%C3%81ed%C3%A1n_mac_Gabr%C3%A1in
A0002,%C3%85land
A0003,%C3%89douard_Manet
A0004,%C3%89ire
A0005,%C3%93engus_I_of_the_Picts
A0006,%E2%82%AC2_commemorative_coins
A0007,10th_century
A0008,11th_century
A0009,12th_century
A0010,13th_century
A0011,14th_century
A0012,15th_Marine_Expeditionary_Unit
A0013,15th_century
A0014,16_Cygni
A0015,16_Cygni_Bb
A0016,16th_century
A0017,1755_Lisbon_earthquake
A0018,17th_century
A0019,1896_Summer_Olympics
A0020,18th_century
A0021,1928_Okeechobee_Hurricane
A0022,1973_oil_crisis
A0023,1980_eruption_of_Mount_St._Helens
A0024,1997_Pacific_hurricane_season
A0025,19th_century
A0026,1_Ceres
A0027,1st_century
A0028,1st_century_BC
A0029,2-6-0
A0030,2-8-0
A0031,2003_Atlantic_hurricane_season
A0032,2004_Atlantic_hurricane_season
A0033,2004_Indian_Ocean_earthquake
A0034,2005_Atlantic_hurricane_season
A0035,2005_Hertfordshire_Oil_Storage_Terminal_fire
A0036,2005_Kashmir_earthquake
A0037,2005_Lake_Tanganyika_earthquake
A0038,2005_Sumatra_earthquake
A0039,20th_century
A0040,21st_century
A0041,2nd_century
A0042,3_Juno
A0043,3rd_century
A0044,4-2-0
A0045,4-4-0
A0046,4-6-0
A0047,47_Ursae_Majoris
A0048,47_Ursae_Majoris_b
A0049,47_Ursae_Majoris_c
A0050,4_Vesta
A0051,4th_century
A0052,55_Cancri
A0053,55_Cancri_b
A0054,55_Cancri_c
A0055,55_Cancri_d
A0056,55_Cancri_e
A0057,5th_century
A0058,6-2-0
A0059,6th_century
A0060,7th_century
A0061,8th_century
A0062,90377_Sedna
A0063,9th_century
A0064,A._E._J._Collins
A0065,ABO_blood_group_system
A0066,AC_DC
A0067,AIDS
A0068,AK-47
A0069,ALCO_FA
A0070,ASCII
A0071,AT%26T
A0072,ATLAS_experiment
A0073,A_Christmas_Carol
A0074,A_Tale_of_a_Tub
A0075,A_Wrinkle_in_Time
A0076,A_cappella
A0077,Aachen
A0078,Aardvark
A0079,Aarhus
A0080,Abac%C3%A1
A0081,Abacus
A0082,Abadan
A0083,Abbadid
A0084,Abbas_I_of_Persia
A0085,Abbasid
A0086,Abbey
A0087,Abbey_Theatre
A0088,Abbot
A0089,Abel_Tasman
A0090,Aberdeen
A0091,Aberration_of_light
A0092,Aberystwyth
A0093,Abhidhamma_Pitaka
A0094,Abidjan
A0095,Abkhazia
A0096,Able_Archer_83
A0097,Abraham_Goldfaden
A0098,Abraham_Lincoln
A0099,Absinthe
A0100,Absolute_zero
A0101,Abstract_art
A0102,Abu_Dhabi
A0103,Abuja
A0104,Acceleration
A0105,Accountancy
A0106,Accra
A0107,Acetic_acid
A0108,Acetone
A0109,Achilles
A0110,Achilles_tendon
A0111,Acid_rain
A0112,Acorn_Computers
A0113,Actinium
A0114,Action_potential
A0115,Actor
A0116,Acts_of_Union_1707
A0117,Actuary
A0118,Adam_Smith
A0119,Addis_Ababa
A0120,Adelaide
A0121,Adenosine_triphosphate
A0122,Adi_Shankara
A0123,Adolf_Hitler
A0124,Adriaen_van_der_Donck
A0125,Advertising
A0126,Aesthetics
A0127,Afghan_Hound
A0128,Afghanistan
A0129,Africa
A0130,African_American_literature
A0131,African_Black_Oystercatcher
A0132,African_Brush-tailed_Porcupine
A0133,African_Buffalo
A0134,African_Darter
A0135,African_Great_Lakes
A0136,African_Grey_Hornbill
A0137,African_Grey_Parrot
A0138,African_Jacana
A0139,African_Penguin
A0140,African_Union
A0141,African_Wild_Dog
A0142,African_clawed_frog
A0143,African_dwarf_frog
A0144,African_slave_trade
A0145,Afrikaans
A0146,Agamemnon
A0147,Age_of_Enlightenment
A0148,Aggregator
A0149,Agnosticism
A0150,Agriculture
A0151,Airbus
A0152,Airbus_A380
A0153,Aircraft
A0154,Aircraft_carrier
A0155,Airship
A0156,Ajax_%28programming%29
A0157,Akbar
A0158,Akhenaten
A0159,Akira_Kurosawa
A0160,Akkadian_Empire
A0161,Akrotiri_and_Dhekelia
A0162,Aksumite_currency
A0163,Al_Jazeera
A0164,Alamosaurus
A0165,Alan_Turing
A0166,Albania
A0167,Albatross
A0168,Albert_Einstein
A0169,Alberto_Santos-Dumont
A0170,Albertosaurus
A0171,Albigensian_Crusade
A0172,Albinism
A0173,Albrecht_D%C3%BCrer
A0174,Albrecht_Rodenbach
A0175,Alchemy
A0176,Alcibiades
A0177,Alcohol
A0178,Aleksandr_Pushkin
A0179,Aleksandr_Vasilevsky
A0180,Aleksey_Arakcheyev
A0181,Alexander_Graham_Bell
A0182,Alexander_Hamilton
A0183,Alexander_the_Great
A0184,Alfred_Hitchcock
A0185,Alfred_Nobel
A0186,Alfred_the_Great
A0187,Algebra
A0188,Algeria
A0189,Algerian_Civil_War
A0190,Algiers
A0191,Algol
A0192,Algoma_Central_Railway
A0193,Algorithm
A0194,Alice%27s_Adventures_in_Wonderland
A0195,All_Blacks
A0196,All_You_Need_Is_Love_%28The_JAMs_song%29
A0197,All_your_base_are_belong_to_us
A0198,Allah
A0199,Allegory_in_the_Middle_Ages
A0200,Alligator
A0201,Alliterative_verse
A0202,Allosaurus
A0203,Almaty
A0204,Almond
A0205,Alpaca
A0206,Alphabet
A0207,Alternating_current
A0208,Alternation_of_generations
A0209,Alternative_rock
A0210,Aluminium
A0211,Aluminium_chloride
A0212,Alzheimer%27s_disease
A0213,Amaranth_oil
A0214,Amarillo%2C_Texas
A0215,Amazon_Basin
A0216,Amazon_Rainforest
A0217,Amazon_River
A0218,Amazon_parrot
A0219,Amber
A0220,Amda_Seyon_I
A0221,American_Civil_War
A0222,American_English
A0223,American_Revolutionary_War
A0224,American_Samoa
A0225,American_football
A0226,American_popular_music
A0227,Americium
A0228,Amish
A0229,Ammolite
A0230,Ammonia
A0231,Ammonite
A0232,Ammosaurus
A0233,Amsterdam
A0234,Amtrak
A0235,Amur
A0236,Anaconda
A0237,Analytical_Marxism
A0238,Anarchism
A0239,Anarcho-capitalism
A0240,Anatomy
A0241,Ancient_Egypt
A0242,Ancient_Greece
A0243,Ancient_Rome
A0244,Ancient_history
A0245,Andes
A0246,Andorra
A0247,Andr%C3%A9s_Nocioni
A0248,Andrew_Carnegie
A0249,Andrew_Dickson_White
A0250,Andrew_Gonzalez
A0251,Andrew_Jackson
A0252,Andrew_Johnson
A0253,Andrew_Robinson
A0254,Andriyivskyy_Descent
A0255,Andromeda_Galaxy
A0256,Andy_Warhol
A0257,Anemia
A0258,Angel_shark
A0259,Angelica
A0260,Angkor
A0261,Angkor_Wat
A0262,Anglican_Church_of_Australia
A0263,Anglican_Communion
A0264,Anglicanism
A0265,Anglo-Saxon_literature
A0266,Angola
A0267,Anguilla
A0268,Animal
A0269,Animal_law
A0270,Animal_rights
A0271,Animation
A0272,Ankylosaurus
A0273,Ann_Arbor%2C_Michigan
A0274,Anna_Karenina
A0275,Anne_Frank
A0276,Anne_of_Great_Britain
A0277,Annibale_Bugnini
A0278,Anno_Domini
A0279,Anschluss
A0280,Ant
A0281,Antananarivo
A0282,Antarctic_Treaty_System
A0283,Antarctic_krill
A0284,Antarctica
A0285,Antarctosaurus
A0286,Anteater
A0287,Antelope
A0288,Anthony_van_Dyck
A0289,Anthropology
A0290,Antigua_and_Barbuda
A0291,Antimony
A0292,Antlion
A0293,Antoine_Lavoisier
A0294,Anton%C3%ADn_Dvo%C5%99%C3%A1k
A0295,Anton_Alexander_von_Werner
A0296,Antonio_Vivaldi
A0297,Antwerp
A0298,Apaochi
A0299,Apatosaurus
A0300,Ape
A0301,Aphid
A0302,Apollo
A0303,Apollo_11
A0304,Apollo_8
A0305,Apostolic_Succession
A0306,Apple
A0307,Applied_mathematics
A0308,Apricot
A0309,Aquarium
A0310,Arab-Israeli_conflict
A0311,Arab_League
A0312,Arabic_language
A0313,Arable_land
A0314,Aradia%2C_or_the_Gospel_of_the_Witches
A0315,Aral_Sea
A0316,Arcadia_%28play%29
A0317,Archaeoastronomy
A0318,Archaeology
A0319,Archaeopteryx
A0320,Archbishop_of_Canterbury
A0321,Archimedes
A0322,Architecture
A0323,Architecture_of_Windows_NT
A0324,Architecture_of_the_California_missions
A0325,Arctic
A0326,Arctic_Circle
A0327,Arctic_Monkeys
A0328,Arctic_Ocean
A0329,Arctic_Tern
A0330,Arecaceae
A0331,Argan
A0332,Argentina
A0333,Argon
A0334,Argyle_diamond_mine
A0335,Ariel_Sharon
A0336,Aristarchus_%28crater%29
A0337,Aristotle
A0338,Arithmetic
A0339,Armadillo
A0340,Armand_Jean_du_Plessis%2C_Cardinal_Richelieu
A0341,Armenia
A0342,Armia_Krajowa
A0343,Arnold_Schwarzenegger
A0344,Arp2_3_complex
A0345,Ars_moriendi
A0346,Arsenal_F.C.
A0347,Arsenic
A0348,Art
A0349,Arthropod
A0350,Arthur_Ernest_Percival
A0351,Arthur_Sullivan
A0352,Arthur_Upfield
A0353,Arthur_Wellesley%2C_1st_Duke_of_Wellington
A0354,Arts_and_crafts
A0355,Aruba
A0356,Arugula
A0357,Ascariasis
A0358,Asia
A0359,Asp_%28reptile%29
A0360,Asparagus
A0361,Asperger_syndrome
A0362,Assyria
A0363,Astatine
A0364,Asteroid
A0365,Asthma
A0366,Astrology
A0367,Astronomy
A0368,Astrophysics_Data_System
A0369,Asunci%C3%B3n
A0370,Ateneo_de_Manila_University
A0371,Athanasius_Kircher
A0372,Atheism
A0373,Athena
A0374,Athens
A0375,Athletics_%28track_and_field%29
A0376,Atlanta%2C_Georgia
A0377,Atlantic_Coast_Line_Railroad
A0378,Atlantic_Ocean
A0379,Atlantic_herring
A0380,Atlantic_slave_trade
A0381,Atlantis
A0382,Atom
A0383,Atonality
A0384,Attack_on_Pearl_Harbor
A0385,Attalus_I
A0386,Attention-deficit_hyperactivity_disorder
A0387,Attila_the_Hun
A0388,Auckland
A0389,Augusta%2C_Lady_Gregory
A0390,Augustan_literature
A0391,Auguste_Rodin
A0392,Augustine_of_Hippo
A0393,Augustus
A0394,Australia
A0395,Australian_English
A0396,Australian_Green_Tree_Frog
A0397,Australian_Open
A0398,Australian_Ringneck
A0399,Australian_constitutional_law
A0400,Australian_rules_football
A0401,Austria
A0402,Autism
A0403,Auto_racing
A0404,Autobianchi_Primula
A0405,Autocracy
A0406,Automated_teller_machine
A0407,Automatic_number_plate_recognition
A0408,Automobile
A0409,Autorack
A0410,Autostereogram
A0411,Autumn
A0412,Avacha_Volcano
A0413,Avalanche
A0414,Avatar__The_Last_Airbender
A0415,Avocado
A0416,Avon_Gorge
A0417,Avro_Lancaster
A0418,Axe
A0419,Ayaan_Hirsi_Ali
A0420,Aye-aye
A0421,Aymer_de_Valence%2C_2nd_Earl_of_Pembroke
A0422,Azerbaijan
A0423,Azerbaijani_people
A0424,Aztec
A0425,BAE_Systems
A0426,BASIC
A0427,BBC
A0428,BBC_television_drama
A0429,BP
A0430,BT_Tower
A0431,B_vitamins
A0432,Babe_Ruth
A0433,Baboon
A0434,Babur
A0435,Baby_Gender_Mentor
A0436,Babylonia
A0437,Backgammon
A0438,Bacteria
A0439,Baden-Powell_House
A0440,Badger
A0441,Badminton
A0442,Badugi
A0443,Baghdad
A0444,Bah%C3%A1%27%C3%AD_Faith
A0445,Bahamas
A0446,Bahrain
A0447,Baker_Island
A0448,Bald_Eagle
A0449,Baltic_Sea
A0450,Baltimore%2C_Maryland
A0451,Bamako
A0452,Banana
A0453,Bandicoot
A0454,Bangalore
A0455,Bangkok
A0456,Bangladesh
A0457,Banjul
A0458,Bank_of_China_%28Hong_Kong%29
A0459,Banknote
A0460,Banksy
A0461,Bantu
A0462,Barack_Obama
A0463,Barbados
A0464,Barbara_McClintock
A0465,Barbary_Lion
A0466,Barbary_Macaque
A0467,Barcelona
A0468,Barium
A0469,Barley
A0470,Barn_Owl
A0471,Barnacle
A0472,Baroque
A0473,Barracuda
A0474,Baruch_Spinoza
A0475,Baseball
A0476,Basel
A0477,Basil
A0478,Basil_Brush
A0479,Basilica_of_San_Francesco_d%27Assisi
A0480,Basilica_of_Santa_Maria_degli_Angeli
A0481,Basketball
A0482,Basking_shark
A0483,Bass_%28fish%29
A0484,Basset_Hound
A0485,Bassoon
A0486,Bat
A0487,Bat-eared_Fox
A0488,Bath%2C_Somerset
A0489,Bath_School_disaster
A0490,Batholith
A0491,Batman
A0492,Battle_of_Alesia
A0493,Battle_of_Amiens
A0494,Battle_of_Austerlitz
A0495,Battle_of_Badr
A0496,Battle_of_Bicocca
A0497,Battle_of_Britain
A0498,Battle_of_Cannae
A0499,Battle_of_France
A0500,Battle_of_Gettysburg
A0501,Battle_of_Grunwald
A0502,Battle_of_Hastings
A0503,Battle_of_Jutland
A0504,Battle_of_Lechaeum
A0505,Battle_of_Leyte_Gulf
A0506,Battle_of_Marathon
A0507,Battle_of_Midway
A0508,Battle_of_Moscow
A0509,Battle_of_Normandy
A0510,Battle_of_Rennell_Island
A0511,Battle_of_Sitka
A0512,Battle_of_Smolensk_%281943%29
A0513,Battle_of_Stalingrad
A0514,Battle_of_Tours
A0515,Battle_of_Vaslui
A0516,Battle_of_Warsaw_%281920%29
A0517,Battle_of_the_Bulge
A0518,Battle_of_the_Eastern_Solomons
A0519,Battle_of_the_Little_Bighorn
A0520,Battle_of_the_Santa_Cruz_Islands
A0521,Battle_of_the_Somme_%281916%29
A0522,Battles_of_the_Mexican-American_War
A0523,Bay_Area_Rapid_Transit
A0524,Bay_of_Bengal
A0525,Beach
A0526,Bean
A0527,Bear
A0528,Beatles_for_Sale
A0529,Beaver
A0530,Bedbug
A0531,Bede
A0532,Bee
A0533,Beeching_Axe
A0534,Beekeeping
A0535,Beep_%28SWBLW%29
A0536,Beer
A0537,Beet
A0538,Beetle
A0539,Behavioral_finance
A0540,Behistun_Inscription
A0541,Beijing
A0542,Beirut
A0543,Belarus
A0544,Belfast
A0545,Belgium
A0546,Belize
A0547,Belton_House
A0548,Ben-Hur_%281959_film%29
A0549,Ben_Jonson
A0550,Ben_Nevis
A0551,Bench_language
A0552,Benin
A0553,Benito_Mussolini
A0554,Benjamin_Britten
A0555,Benjamin_Disraeli%2C_1st_Earl_of_Beaconsfield
A0556,Benjamin_Franklin
A0557,Benjamin_Harrison
A0558,Benjamin_Mountfort
A0559,Benjamin_of_Tudela
A0560,Benzene
A0561,Berber_languages
A0562,Beriberi
A0563,Berkelium
A0564,Berlin
A0565,Berlin_Wall
A0566,Bermuda
A0567,Bernard_Hinault
A0568,Bertrand_Russell
A0569,Beryllium
A0570,Betelgeuse_incident
A0571,Bette_Davis
A0572,Bhutan
A0573,Bible
A0574,Bicycle
A0575,Bicycle_Thieves
A0576,Big_Bang
A0577,Bill_Clinton
A0578,Bill_Gates
A0579,Billie_Holiday
A0580,Binary_star
A0581,Binoculars
A0582,Binomial_nomenclature
A0583,Biodiesel
A0584,Biodiversity
A0585,Biofuel
A0586,Bioinformatics
A0587,Biology
A0588,Bionicle__Mask_of_Light
A0589,Biosphere
A0590,Biotechnology
A0591,Bird
A0592,Bird_migration
A0593,Bird_of_prey
A0594,Birmingham
A0595,Birth_control
A0596,Bismuth
A0597,Bison
A0598,Bissau
A0599,Bj%C3%B6rn_Borg
A0600,Bj%C3%B8rn%C3%B8ya
A0601,Black-backed_Jackal
A0602,Black-footed_Cat
A0603,Black-winged_Stilt
A0604,Black_Death
A0605,Black_Rhinoceros
A0606,Black_Robin
A0607,Black_Sea
A0608,Black_Seminoles
A0609,Black_Wildebeest
A0610,Black_hole
A0611,Black_panther
A0612,Black_pepper
A0613,Black_widow_spider
A0614,Blackbird
A0615,Blackcap
A0616,Blackjack
A0617,Blackpool
A0618,Blacktip_reef_shark
A0619,Blade_Runner
A0620,Blaise_Pascal
A0621,Blitzkrieg
A0622,Blokus
A0623,Blood_type
A0624,Blue_Jay
A0625,Blue_Peter
A0626,Blue_Tit
A0627,Blue_Whale
A0628,Blue_Wildebeest
A0629,Blue_shark
A0630,Bluegrass_music
A0631,Bluetooth
A0632,Boa
A0633,Board_game
A0634,Boat
A0635,Bob_Dylan
A0636,Bob_Marley
A0637,Bobcat
A0638,Body_mass_index
A0639,Bodyline
A0640,Boeing_747
A0641,Bog
A0642,Bogot%C3%A1
A0643,Bohemian_Rhapsody
A0644,Bohor_Reedbuck
A0645,Bohrium
A0646,Bolivia
A0647,Bologna
A0648,Boltysh_crater
A0649,Bongo_%28antelope%29
A0650,Bonobo
A0651,Bontebok
A0652,Booby
A0653,Book
A0654,Book_of_Common_Prayer
A0655,Book_of_Kells
A0656,Boolean_logic
A0657,Borage
A0658,Boris_Becker
A0659,Boron
A0660,Bosnia_and_Herzegovina
A0661,Boston%2C_Massachusetts
A0662,Boston_RFC
A0663,Boston_Terrier
A0664,Boston_and_Lowell_Railroad
A0665,Botany
A0666,Botswana
A0667,Bottlenose_Dolphin
A0668,Boudica
A0669,Boundary_Waters_Canoe_Area_Wilderness
A0670,Bourbonnais_train_accident
A0671,Bouvet_Island
A0672,Box_jellyfish
A0673,Boy_Scout
A0674,Boyle_Roche
A0675,Brabantian
A0676,Brabham
A0677,Brachiosaurus
A0678,Brahman
A0679,Brain
A0680,Bran
A0681,Brandon_Routh
A0682,Bras%C3%ADlia
A0683,Brass_instrument
A0684,Bratislava
A0685,Brazil
A0686,Bread
A0687,Breaker_Morant
A0688,Bretton_Woods_system
A0689,Brian_Close
A0690,Bridge
A0691,Brighton
A0692,Brisbane
A0693,Bristol
A0694,British_East_India_Company
A0695,British_Empire
A0696,British_English
A0697,British_House_of_Commons
A0698,British_Indian_Ocean_Territory
A0699,British_Isles
A0700,British_Isles_%28terminology%29
A0701,British_Virgin_Islands
A0702,British_monarchy
A0703,Britney_Spears
A0704,Broadcasting
A0705,Bromine
A0706,Bronze_Age
A0707,Brothers_Grimm
A0708,Brown_trout
A0709,Bruce_Lee
A0710,Bruce_Springsteen
A0711,Brunei
A0712,Brush
A0713,Brussels
A0714,Brute_force_attack
A0715,Bryce_Canyon_National_Park
A0716,Btrieve
A0717,Bucharest
A0718,Buckingham_Palace
A0719,Buckminster_Fuller
A0720,Budapest
A0721,Buddha
A0722,Buddhism
A0723,Buddhist_art
A0724,Buenos_Aires
A0725,Buffy_the_Vampire_Slayer
A0726,Bulgaria
A0727,Bull_shark
A0728,Burkina_Faso
A0729,Burundi
A0730,Bushbuck
A0731,Bushpig
A0732,Business
A0733,Butter
A0734,Button
A0735,Byzantine_Empire
A0736,C%2B%2B
A0737,C%C3%A6dmon
A0738,C%C3%B4te_d%27Ivoire
A0739,C._S._Lewis
A0740,CF7
A0741,CPU_cache
A0742,CS_gas
A0743,Cactus
A0744,Cadmium
A0745,Caesar_cipher
A0746,Caesium
A0747,Caesium_fluoride
A0748,Cai_Lun
A0749,Cairo
A0750,Calcite
A0751,Calcium
A0752,Calcium_chloride
A0753,Calculus
A0754,Calgary
A0755,California
A0756,California_Southern_Railroad
A0757,Californium
A0758,Calligraphy
A0759,Caloris_Basin
A0760,Calvin_Coolidge
A0761,Calvin_and_Hobbes
A0762,Camarasaurus
A0763,Cambodia
A0764,Cambrian
A0765,Cambrian_explosion
A0766,Cambridge
A0767,Camel
A0768,Cameroon
A0769,Canada
A0770,Canada_Goose
A0771,Canadian_Charter_of_Rights_and_Freedoms
A0772,Canadian_English
A0773,Canadian_House_of_Commons
A0774,Canadian_Pacific_Railway
A0775,Canadian_Senate
A0776,Canadian_football
A0777,Canal
A0778,Canaletto
A0779,Canberra
A0780,Cancer
A0781,Cane_Toad
A0782,Canola
A0783,Canterbury
A0784,Canterbury_Cathedral
A0785,Canute_the_Great
A0786,Capacitance
A0787,Cape_Canaveral
A0788,Cape_Horn
A0789,Cape_Lion
A0790,Cape_Porcupine
A0791,Cape_Town
A0792,Cape_Verde
A0793,Capital
A0794,Capitalism
A0795,Capitoline_Triad
A0796,Captain_Marvel_%28DC_Comics%29
A0797,Caracas
A0798,Caratacus
A0799,Caravaggio
A0800,Carbon
A0801,Carbon_dioxide
A0802,Carboniferous
A0803,Carcinus_maenas
A0804,Card_game
A0805,Cardiff
A0806,Caribbean_Sea
A0807,Carl_Friedrich_Gauss
A0808,Carl_G._Fisher
A0809,Carl_Jung
A0810,Carl_Lewis
A0811,Carl_Sagan
A0812,Carlsbad_Caverns_National_Park
A0813,Carnivore
A0814,Caroline_Island
A0815,Carolingian_Gospel_Book_%28British_Library%2C_MS_Add._11848%29
A0816,Carolus_Linnaeus
A0817,Carrot
A0818,Casablanca_%28film%29
A0819,Casimir_effect
A0820,Caspian_Sea
A0821,Cassini-Huygens
A0822,Cassowary
A0823,Castra
A0824,Cat
A0825,Cat%27s_Eye_Nebula
A0826,Cat_Stevens
A0827,Cataract
A0828,Cataract_surgery
A0829,Cathedral_of_Magdeburg
A0830,Catherine_Cranston
A0831,Catherine_II_of_Russia
A0832,Catholic_social_teaching
A0833,Cattle
A0834,Cave
A0835,Cayman_Islands
A0836,Celeriac
A0837,Celery
A0838,Celine_Dion
A0839,Cell_%28biology%29
A0840,Cello
A0841,Celtic_F.C.
A0842,Celtic_Park
A0843,Celtic_mythology
A0844,Central_African_Republic
A0845,Central_processing_unit
A0846,Ceratopsidae
A0847,Cereal
A0848,Cerebellum
A0849,Ceres_%28dwarf_planet%29
A0850,Cerium
A0851,Chad
A0852,Chadian-Sudanese_conflict
A0853,Chaffinch
A0854,Channel_Islands
A0855,Charlemagne
A0856,Charles_Babbage
A0857,Charles_Darwin
A0858,Charles_Dickens
A0859,Charles_Etienne_Brasseur_de_Bourbourg
A0860,Charles_II_of_England
A0861,Charles_I_of_England
A0862,Charles_Sumner
A0863,Charles_V%2C_Holy_Roman_Emperor
A0864,Charlie_Chaplin
A0865,Charlotte%27s_Web
A0866,Chartism
A0867,Che_Guevara
A0868,Cheers
A0869,Cheese
A0870,Cheetah
A0871,Chelsea_F.C.
A0872,Chemical_element
A0873,Chemical_synapse
A0874,Chemistry
A0875,Chennai
A0876,Chepstow_Bridge
A0877,Chernobyl_disaster
A0878,Chess
A0879,Chester_A._Arthur
A0880,Chestnut
A0881,Chew_Magna
A0882,Chew_Stoke
A0883,Chew_Valley
A0884,Chew_Valley_Lake
A0885,Chicago
A0886,Chicago_Bears
A0887,Chicago_and_North_Western_Railway
A0888,Chicken
A0889,Child
A0890,Children%27s_Crusade
A0891,Children%27s_rights_movement
A0892,Chile
A0893,Chiltern_Hills
A0894,Chimpanzee
A0895,China
A0896,Chinese_Rites_controversy
A0897,Chinese_language
A0898,Chinyingi
A0899,Chives
A0900,Chlorine
A0901,Chocolate
A0902,Chola_dynasty
A0903,Cholera
A0904,Chordate
A0905,Chris_Evert
A0906,Christian_Bale
A0907,Christian_monasticism
A0908,Christianity
A0909,Christina_Aguilera
A0910,Christmas_Island
A0911,Christopher_Columbus
A0912,Christopher_Wren
A0913,Chromatic_aberration
A0914,Chromatophore
A0915,Chromium
A0916,Church_of_England
A0917,Church_of_Ireland
A0918,Cicely
A0919,Cider
A0920,Cinema_of_the_United_States
A0921,Citizen_Kane
A0922,Citizenship
A0923,Citrus
A0924,City
A0925,City_status_in_the_United_Kingdom
A0926,Civil_War_token
A0927,Civil_rights
A0928,Civil_society
A0929,Civilization
A0930,Civilization_%28computer_game%29
A0931,Clarinet
A0932,Classic_female_blues
A0933,Claude_L%C3%A9vi-Strauss
A0934,Claude_Monet
A0935,Claudius
A0936,Clay
A0937,Cleopatra_VII
A0938,Cleopatra_VII_of_Egypt
A0939,Cleveland%2C_Ohio
A0940,Clifton_Suspension_Bridge
A0941,Climate
A0942,Climate_change
A0943,Clock
A0944,Clone_Wars_%28Star_Wars%29
A0945,Clothing
A0946,Cloud
A0947,Coal
A0948,Coal_Tit
A0949,Cobalt
A0950,Coccinellidae
A0951,Cochineal
A0952,Cockatiel
A0953,Cocoa
A0954,Coconut
A0955,Coconut_crab
A0956,Coconut_oil
A0957,Cocos_%28Keeling%29_Islands
A0958,Cod
A0959,Code_of_Hammurabi
A0960,Coffee
A0961,Coin
A0962,Cold_War
A0963,Colditz_Castle
A0964,Colima_%28volcano%29
A0965,Collapse_of_the_World_Trade_Center
A0966,Colley_Cibber
A0967,Cologne
A0968,Colombia
A0969,Colombo
A0970,Color
A0971,Color_Graphics_Adapter
A0972,Color_blindness
A0973,Colorado_River
A0974,Colossus_of_Rhodes
A0975,Columba
A0976,Columbia_River
A0977,Columbine_High_School_massacre
A0978,Columbus%2C_Ohio
A0979,Comet
A0980,Comet_Hale-Bopp
A0981,Comet_Halley
A0982,Comet_Hyakutake
A0983,Comet_Shoemaker-Levy_9
A0984,Comet_White-Ortiz-Bolelli
A0985,Comics
A0986,Comma_Johanneum
A0987,Commodore_64
A0988,Common_Basilisk
A0989,Common_Cuckoo
A0990,Common_Eider
A0991,Common_Eland
A0992,Common_Hazel
A0993,Common_Pheasant
A0994,Common_Tern
A0995,Common_agouti
A0996,Common_cold
A0997,Common_sage
A0998,Commonwealth_Games
A0999,Communication
A1000,Communism
A1001,Community
A1002,Comoros
A1003,Compact_Disc
A1004,Company_%28law%29
A1005,Compsognathus
A1006,Computational_chemistry
A1007,Computer
A1008,Computer_and_video_games
A1009,Computer_programming
A1010,Computer_science
A1011,Conakry
A1012,Concorde
A1013,Condoleezza_Rice
A1014,Conflict
A1015,Confucianism
A1016,Confucius
A1017,Congo_River
A1018,Consolation_of_Philosophy
A1019,Constantine_I
A1020,Constantine_II_of_Scotland
A1021,Constitution_of_May_3%2C_1791
A1022,Constitutional_monarchy
A1023,Constructivism_%28art%29
A1024,Consumer_protection
A1025,Contact_lens
A1026,Continent
A1027,Continental_crust
A1028,Control_car_%28rail%29
A1029,Convention_on_the_International_Trade_in_Endangered_Species_of_Wild_Flora_and_Fauna
A1030,Convention_on_the_Rights_of_the_Child
A1031,Cook_Islands
A1032,Cookiecutter_shark
A1033,Cooperative
A1034,Coot
A1035,Copenhagen
A1036,Copenhagen_Fire_of_1728
A1037,Copper
A1038,Copper%28I%29_chloride
A1039,Coriander
A1040,Corinthian_War
A1041,Cormorant
A1042,Corn_oil
A1043,Cornea
A1044,Cornell_University
A1045,Coronation_Street
A1046,Corporate_finance
A1047,Corporation
A1048,Corrosion
A1049,Corundum
A1050,Cosmic_inflation
A1051,Cosmic_microwave_background_radiation
A1052,Costa_Rica
A1053,Costume_design
A1054,Cotopaxi
A1055,Cotswolds
A1056,Cotton
A1057,Coulomb%27s_law
A1058,Country
A1059,Coupling_%28railway%29
A1060,Coventry
A1061,Crab_Nebula
A1062,Crash_test_dummy
A1063,Craters_of_the_Moon_National_Monument_and_Preserve
A1064,Craton
A1065,Creation-evolution_controversy
A1066,Creationism
A1067,Creative_Commons
A1068,Cretaceous
A1069,Cretaceous-Tertiary_extinction_event
A1070,Cricket
A1071,Crime
A1072,Crime_and_Punishment
A1073,Crime_in_Mexico
A1074,Crimean_Karaites
A1075,Crimean_War
A1076,Crimson-collared_Tanager
A1077,Cristero_War
A1078,Criticism_of_the_War_on_Terrorism
A1079,Croatia
A1080,Crocodile
A1081,Crohn%27s_disease
A1082,Cross_Fell
A1083,Crossbill
A1084,Crow
A1085,Crown_Jewels_of_the_United_Kingdom
A1086,Crusades
A1087,Crust_%28geology%29
A1088,Crustacean
A1089,Cryptography
A1090,Crystal
A1091,Crystallographic_defects_in_diamond
A1092,Cuba
A1093,Cubeb
A1094,Cubism
A1095,Cuckmere_Haven
A1096,Cultivar
A1097,Cultural_diversity
A1098,Cultural_identity
A1099,Culture
A1100,Culture_of_the_Democratic_Republic_of_the_Congo
A1101,Curium
A1102,Currency
A1103,Cyanocobalamin
A1104,Cyberpunk
A1105,Cyclamen
A1106,Cyclone_Percy
A1107,Cyclone_Rosita
A1108,Cyclops
A1109,Cymbopogon
A1110,Cyprus
A1111,Cyril_Clarke
A1112,Cyrus_K._Holliday
A1113,Cyrus_the_Great
A1114,Cystic_fibrosis
A1115,Czech_Republic
A1116,D%C3%A1l_Riata
A1117,D%C3%BCsseldorf
A1118,DNA
A1119,DNA_repair
A1120,DVD
A1121,Dad%27s_Army
A1122,Dada
A1123,Dakar
A1124,Dakota%2C_Minnesota_and_Eastern_Railroad
A1125,Daley_Thompson
A1126,Dallas%2C_Texas
A1127,Dam
A1128,Damascus
A1129,Damascus_steel
A1130,Damon_Hill
A1131,Dance
A1132,Dandelion
A1133,Daniel_Day-Lewis
A1134,Daniel_Ellsberg
A1135,Danny_Deever
A1136,Danske_Statsbaner
A1137,Dante_Alighieri
A1138,Danube
A1139,Darfur_conflict
A1140,Dark_Ages
A1141,Darling_River
A1142,Darmstadtium
A1143,Darth_Vader
A1144,Dartmoor
A1145,Das_Kapital
A1146,Data_Encryption_Standard
A1147,David_Attenborough
A1148,David_Beckham
A1149,David_Blanchflower
A1150,David_Cameron
A1151,David_Copperfield_%28novel%29
A1152,David_Helvarg
A1153,David_Heymann
A1154,David_Hilbert
A1155,David_Hume
A1156,David_III_of_Tao
A1157,David_Livingstone
A1158,Davis_Cup
A1159,Davy_Jones%27_Locker
A1160,Day
A1161,Dayuan
A1162,Dead_Sea
A1163,Dead_Sea_scrolls
A1164,Death_Valley_National_Park
A1165,Decade_Volcanoes
A1166,Deconstructivism
A1167,Defaka
A1168,Defense_of_Sihang_Warehouse
A1169,Definition_of_planet
A1170,Deinonychus
A1171,Deity
A1172,Delhi
A1173,Deluge_%28mythology%29
A1174,Demand_Note
A1175,Democracy
A1176,Democratic_Action_Party
A1177,Democratic_Republic_of_the_Congo
A1178,Demosthenes
A1179,Denis_Law
A1180,Denmark
A1181,Dennis_Ritchie
A1182,Denver%2C_Colorado
A1183,Derby
A1184,Desert
A1185,Desert_locust
A1186,Desmond_Tutu
A1187,Despotism
A1188,Detroit%2C_Michigan
A1189,Devonian
A1190,Dewey_Square
A1191,Diabetes_mellitus
A1192,Diamond
A1193,Diamond_cut
A1194,Diamond_simulant
A1195,Diane_Keaton
A1196,Dice
A1197,Dido_and_Aeneas
A1198,Diego_Garcia
A1199,Diego_Maradona
A1200,Diego_Vel%C3%A1zquez
A1201,Differential_equation
A1202,Differential_geometry_and_topology
A1203,Diffuse_interstellar_band
A1204,Dik-dik
A1205,Dill
A1206,Dilophosaurus
A1207,Dimetrodon
A1208,Dingo
A1209,Dinosaur
A1210,Diplodocus
A1211,Directdebit
A1212,Directive_Principles_in_India
A1213,Disneyland_Railroad
A1214,Distilled_beverage
A1215,Dixie_Mission
A1216,Djibouti
A1217,Dmitri_Mendeleev
A1218,Doctor_Who
A1219,Dodo
A1220,Dog
A1221,Doha
A1222,Dolphin
A1223,Domesday_Book
A1224,Domestic_AC_power_plugs_and_sockets
A1225,Domestic_goat
A1226,Domesticated_turkey
A1227,Dominica
A1228,Dominican_Republic
A1229,Donald_Bradman
A1230,Donald_Duck
A1231,Donald_Knuth
A1232,Donation
A1233,Doom
A1234,Dorset
A1235,Double-decker_bus
A1236,Double_bass
A1237,Douglas_Adams
A1238,Douglas_DC-4
A1239,Dove
A1240,Dover
A1241,Down_syndrome
A1242,Dr._Seuss
A1243,Drama
A1244,Draughts
A1245,Drawing
A1246,Dresden
A1247,Drinking_water
A1248,Driving_on_the_left_or_right
A1249,Drosera_anglica
A1250,Drosophila_melanogaster
A1251,Drought
A1252,Drum_and_bass
A1253,Du_Fu
A1254,Dualism_%28philosophy_of_mind%29
A1255,Dubai
A1256,Dublin
A1257,Dubnium
A1258,Duchenne_muscular_dystrophy
A1259,Dundee
A1260,Dundee_United_F.C.
A1261,Dune
A1262,Dunnock
A1263,Dunstable_Downs
A1264,Duran_Duran
A1265,Durham
A1266,Durham_Cathedral
A1267,Durian
A1268,Dutch_language
A1269,Dwight_D._Eisenhower
A1270,Dysprosium
A1271,E.T._the_Extra-Terrestrial_%28Atari_2600%29
A1272,E._E._Cummings
A1273,E._P._Wigner
A1274,ECHELON
A1275,EMD_BL2
A1276,EMD_F7
A1277,EMD_GP30
A1278,Eagle
A1279,Eagle_Scout_%28Boy_Scouts_of_America%29
A1280,Earl_of_Shaftesbury
A1281,Earless_seal
A1282,Earth
A1283,Earth%27s_atmosphere
A1284,Earthquake
A1285,Earwax
A1286,East-West_Schism
A1287,EastEnders
A1288,East_Africa
A1289,East_Flemish
A1290,East_Timor
A1291,Easter_Island
A1292,Eastern_Orthodox_Church
A1293,Eastern_Roman_Empire
A1294,Ebony
A1295,Ecology
A1296,Economic_inequality
A1297,Economics
A1298,Economy_of_Africa
A1299,Economy_of_India
A1300,Economy_of_Pakistan
A1301,Economy_of_Scotland
A1302,Economy_of_the_Iroquois
A1303,Economy_of_the_Republic_of_Ireland
A1304,Ecuador
A1305,Edema
A1306,Edgar_Allan_Poe
A1307,Edible_salt
A1308,Edinburgh
A1309,Edmond_Halley
A1310,Edmonton
A1311,Edmund_Burke
A1312,Edmund_Hillary
A1313,Education
A1314,Education_in_the_United_States
A1315,Educational_psychology
A1316,Edward_Gibbon
A1317,Edward_III_of_England
A1318,Edward_II_of_England
A1319,Edward_IV_of_England
A1320,Edward_I_of_England
A1321,Edward_Jenner
A1322,Edward_Teller
A1323,Edward_VIII_of_the_United_Kingdom
A1324,Edward_VII_of_the_United_Kingdom
A1325,Edward_VI_of_England
A1326,Edward_V_of_England
A1327,Edward_the_Confessor
A1328,Edwin_of_Northumbria
A1329,Effect_of_Hurricane_Katrina_on_New_Orleans
A1330,Effects_of_global_warming
A1331,Effects_of_nuclear_explosions
A1332,Egg_%28food%29
A1333,Egypt
A1334,Egyptian_pyramids
A1335,Eifel_Aqueduct
A1336,Eilmer_of_Malmesbury
A1337,Einsteinium
A1338,El_Aai%C3%BAn
A1339,El_Hatillo_Municipality%2C_Miranda
A1340,El_Lissitzky
A1341,El_Ni%C3%B1o-Southern_Oscillation
A1342,El_Salvador
A1343,Elagabalus
A1344,Eldfell
A1345,Election
A1346,Electric_charge
A1347,Electric_field
A1348,Electrical_engineering
A1349,Electrical_resistance
A1350,Electricity
A1351,Electromagnetic_radiation
A1352,Electron
A1353,Electron_beam_welding
A1354,Electronic_amplifier
A1355,Electronics
A1356,Elementary_algebra
A1357,Elementary_arithmetic
A1358,Elementary_group_theory
A1359,Eleocharis_dulcis
A1360,Elephant
A1361,Elephant_bird
A1362,Elephant_shrew
A1363,Elfin-woods_Warbler
A1364,Elias_Ashmole
A1365,Eliminative_materialism
A1366,Elizabeth_Fry
A1367,Elizabeth_II_of_the_United_Kingdom
A1368,Elizabeth_I_of_England
A1369,Elizabethan_Poor_Law_%281601%29
A1370,Elvis_Presley
A1371,Emacs
A1372,Emanuel_Swedenborg
A1373,Emirate
A1374,Emma_Roberts
A1375,Emotion
A1376,Emperor_Penguin
A1377,Empires__Dawn_of_the_Modern_World
A1378,Empiricism
A1379,Employment
A1380,Emu
A1381,Enceladus_%28moon%29
A1382,Encyclop%C3%A6dia_Britannica
A1383,Endoscopic_foreign_body_retrieval
A1384,Energy
A1385,Engineering
A1386,England
A1387,England_expects_that_every_man_will_do_his_duty
A1388,English_Channel
A1389,English_Reformation
A1390,English_language
A1391,English_monarchs_family_tree
A1392,English_peasants%27_revolt_of_1381
A1393,English_poetry
A1394,Enigma_machine
A1395,Entropy
A1396,Environmental_science
A1397,Enzyme_kinetics
A1398,Eocene
A1399,Epaminondas
A1400,Epazote
A1401,Epic_of_Gilgamesh
A1402,Episcopal_polity
A1403,Equal_Protection_Clause
A1404,Equatorial_Guinea
A1405,Erbium
A1406,Eric_Clapton
A1407,Erie_Canal
A1408,Eris_%28dwarf_planet%29
A1409,Eritrea
A1410,Ernest_Hemingway
A1411,Ernest_Rutherford
A1412,Eruption_column
A1413,Erwin_Rommel
A1414,Eskimo
A1415,Esox
A1416,Esperanto
A1417,Essential_oil
A1418,Estonia
A1419,Ethanol
A1420,Ethics
A1421,Ethiopia
A1422,Ethiopian_Wolf
A1423,Ethnic_group
A1424,Euclid
A1425,Euclidean_geometry
A1426,Eukaryote
A1427,Euphrates
A1428,Eurasian_Bullfinch
A1429,Eurasian_Collared_Dove
A1430,Eurasian_Eagle_Owl
A1431,Eurasian_Jay
A1432,Eurasian_Oystercatcher
A1433,Euro
A1434,Europe
A1435,European_Goldfinch
A1436,European_Greenfinch
A1437,European_Kingfisher
A1438,European_Parliament
A1439,European_Space_Agency
A1440,European_Union
A1441,Europium
A1442,Eurovision_Song_Contest
A1443,Euston_Manifesto
A1444,Eustreptospondylus
A1445,Eva_Per%C3%B3n
A1446,Evan_Rachel_Wood
A1447,Evanton
A1448,Evolution
A1449,Evolutionarily_stable_strategy
A1450,Existentialism
A1451,Exploration_of_Mars
A1452,Explorer_I
A1453,Expressionism
A1454,Extinct_birds
A1455,Extinction
A1456,Extrasolar_planet
A1457,Extraterrestrial_life
A1458,Eye
A1459,Eye_%28cyclone%29
A1460,Eyelid
A1461,Ezra_Pound
A1462,F-35_Lightning_II
A1463,F-4_Phantom_II
A1464,FIFA
A1465,FIFA_World_Cup
A1466,FM_Consolidated_line
A1467,FairTax
A1468,Fair_Isle
A1469,Falcon
A1470,Falkirk_Wheel
A1471,Falkland_Islands
A1472,Family
A1473,Famine
A1474,Fanny_Blankers-Koen
A1475,Faroe_Islands
A1476,Fascism
A1477,Fashion
A1478,Fatty_acid
A1479,Fauna_of_Australia
A1480,Feather
A1481,Fed_Cup
A1482,Federal_Bureau_of_Investigation
A1483,Federated_States_of_Micronesia
A1484,Fedora_Core
A1485,Feldspar
A1486,Felice_Beato
A1487,Felix_Mendelssohn
A1488,Felix_the_Cat
A1489,Fencing
A1490,Fennel
A1491,Ferdinand_Magellan
A1492,Ferdinandea
A1493,Fermi_paradox
A1494,Fermium
A1495,Fern
A1496,Fertile_Crescent
A1497,Fertilizer
A1498,Fetal_alcohol_spectrum_disorder
A1499,Ffestiniog_Railway
A1500,Fiberglass
A1501,Fiction
A1502,Fidel_Castro
A1503,Fieldfare
A1504,Fiji
A1505,Film
A1506,Final_Fantasy_%28video_game%29
A1507,Final_Fantasy_Adventure
A1508,Finance
A1509,Financial_statements
A1510,Fine_art
A1511,Finland
A1512,Fire
A1513,Firearm
A1514,Firecrest
A1515,Firefly_%28TV_series%29
A1516,First_Council_of_Nicaea
A1517,First_Crusade
A1518,First_Macedonian_War
A1519,First_Transcontinental_Railroad
A1520,Fish
A1521,Fishing
A1522,Flag_of_Australia
A1523,Flag_of_Belarus
A1524,Flag_of_Hong_Kong
A1525,Flag_of_India
A1526,Flag_of_Mexico
A1527,Flag_of_South_Africa
A1528,Flag_of_the_Republic_of_China
A1529,Flamingo
A1530,Flanders
A1531,Flat_Earth
A1532,Flemish_%28linguistics%29
A1533,Flemish_dialects
A1534,Flemish_people
A1535,Flood
A1536,Floppy_disk
A1537,Florence_Nightingale
A1538,Florida
A1539,Florida_East_Coast_Railway
A1540,Floris_and_Blancheflour
A1541,Flower
A1542,Floyd_Mayweather_Jr.
A1543,Fluorine
A1544,Flute
A1545,Foie_gras
A1546,Folic_acid
A1547,Folk_music
A1548,Folklore
A1549,Food
A1550,Football
A1551,Football_%28soccer%29
A1552,Force
A1553,Forensic_facial_reconstruction
A1554,Forest
A1555,Formic_acid
A1556,Formula_One
A1557,Forrest_Gump
A1558,Fort_de_Chartres
A1559,Forth
A1560,Forth_Bridge_%28railway%29
A1561,Forth_Road_Bridge
A1562,Fossil
A1563,Fossil_fuel
A1564,Fossil_record
A1565,Fourteenth_Amendment_to_the_United_States_Constitution
A1566,Fox
A1567,Fr%C3%A9d%C3%A9ric_Chopin
A1568,Fractal
A1569,France
A1570,France_in_the_American_Revolutionary_War
A1571,Frances_Oldham_Kelsey
A1572,Francis_Bacon
A1573,Francis_Crick
A1574,Francis_Drake
A1575,Francis_Petre
A1576,Francis_of_Assisi
A1577,Francisco_Goya
A1578,Francium
A1579,Frank_Lloyd_Wright
A1580,Frankenstein
A1581,Frankfurt
A1582,Franklin_B._Gowen
A1583,Franklin_D._Roosevelt
A1584,Franklin_Pierce
A1585,Franks
A1586,Franz_Kafka
A1587,Franz_Schubert
A1588,Frederick_Douglass
A1589,Frederick_Hamilton-Temple-Blackwood%2C_1st_Marquess_of_Dufferin_and_Ava
A1590,Frederick_II%2C_Holy_Roman_Emperor
A1591,Frederick_II_of_Prussia
A1592,Freetown
A1593,French_Guiana
A1594,French_Open_%28tennis%29
A1595,French_Polynesia
A1596,French_Revolution
A1597,French_Southern_and_Antarctic_Lands
A1598,French_language
A1599,Fresh_water
A1600,Friedrich_Nietzsche
A1601,Friend_Directdebit
A1602,Frog
A1603,Fruit
A1604,Fugu
A1605,Full_moon
A1606,Funchal
A1607,Functional_programming
A1608,Fundamental_Rights_in_India
A1609,Fundamental_theorem_of_arithmetic
A1610,Fungus
A1611,Fur_language
A1612,Fusarium
A1613,Fyodor_Dostoevsky
A1614,GDRT
A1615,GNOME
A1616,GNU
A1617,GNU_Linux_naming_controversy
A1618,GNU_Project
A1619,Gabon
A1620,Gaborone
A1621,Gadolinium
A1622,Gal%C3%A1pagos_Islands
A1623,Galah
A1624,Galaxy
A1625,Galeras
A1626,Galerina
A1627,Galileo_Galilei
A1628,Gallery_of_the_Kings_and_Queens_of_England
A1629,Gallimimus
A1630,Gallium
A1631,Galveston_Hurricane_of_1900
A1632,Game
A1633,Game_theory
A1634,Ganesha
A1635,Ganges_River
A1636,Ganges_shark
A1637,Gangtok
A1638,Garage_%28dance_music%29
A1639,Garden
A1640,Garden_Gnome_Liberation_Front
A1641,Gardening
A1642,Gas
A1643,Gas_giant
A1644,Gas_metal_arc_welding
A1645,Gas_tungsten_arc_welding
A1646,Gas_turbine-electric_locomotive
A1647,Gaur
A1648,Gauss%27s_law
A1649,Gautama_Buddha
A1650,Gaza_Strip
A1651,Gazelle
A1652,Gender
A1653,Genealogy
A1654,General_Pershing_Zephyr
A1655,Genetic_code
A1656,Genetics
A1657,Geneva
A1658,Genghis_Khan
A1659,Genoa
A1660,Gentoo_penguin
A1661,Geography
A1662,Geography_of_Africa
A1663,Geography_of_India
A1664,Geography_of_Ireland
A1665,Geography_of_Texas
A1666,Geology
A1667,Geology_of_Dorset
A1668,Geology_of_the_Grand_Canyon_area
A1669,Geometry
A1670,Georg_Cantor
A1671,Georg_Forster
A1672,Georg_von_Boeselager
A1673,George_Byron%2C_6th_Baron_Byron
A1674,George_Eliot
A1675,George_Fox
A1676,George_H._W._Bush
A1677,George_Herbert
A1678,George_III_of_the_United_Kingdom
A1679,George_II_of_Great_Britain
A1680,George_IV_of_the_United_Kingdom
A1681,George_I_of_Great_Britain
A1682,George_Thomas_Coker
A1683,George_VI_of_the_United_Kingdom
A1684,George_V_of_the_United_Kingdom
A1685,George_W._Bush
A1686,George_Washington
A1687,Georgetown%2C_Guyana
A1688,Georgia_%28country%29
A1689,Gerald_Durrell
A1690,Gerald_Ford
A1691,German_Crusade%2C_1096
A1692,German_language
A1693,German_reunification
A1694,Germanium
A1695,Germany
A1696,Gettysburg_Address
A1697,Ghana
A1698,Ghost_Dance
A1699,Giant%27s_Causeway
A1700,Giant_Eland
A1701,Giant_Hogweed
A1702,Giant_Panda
A1703,Gibraltar
A1704,Giganotosaurus
A1705,Gilles_Villeneuve
A1706,Giraffe
A1707,Giuseppe_Verdi
A1708,Giza_pyramid_complex
A1709,Glacier
A1710,Glacier_National_Park_%28US%29
A1711,Glaciology
A1712,Glasgow
A1713,Glass
A1714,Glasses
A1715,Glastonbury_Festival
A1716,GlaxoSmithKline
A1717,Gliding
A1718,Gliese_876
A1719,Gliese_876_b
A1720,Gliese_876_c
A1721,Gliese_876_d
A1722,Global
A1723,Global_city
A1724,Global_spread_of_H5N1
A1725,Global_warming
A1726,Globalization
A1727,Globe_Theatre
A1728,Globular_cluster
A1729,Glorious_Revolution
A1730,Glynn_Lunney
A1731,Gmail
A1732,Go_%28board_game%29
A1733,Goa
A1734,God
A1735,Gold
A1736,Gold%28III%29_chloride
A1737,Gold_standard
A1738,Goldcrest
A1739,Golden_Eagle
A1740,Golden_Gate_Highlands_National_Park
A1741,Goldfish
A1742,Goleta%2C_California
A1743,Gone_with_the_Wind_%28film%29
A1744,Google
A1745,Goose
A1746,Gordon_Brown
A1747,Gordon_Griffith
A1748,Gorilla
A1749,Gossypium
A1750,Gothenburg
A1751,Gottfried_Leibniz
A1752,Government
A1753,Government_of_France
A1754,Gowanus_Canal
A1755,Grand_Canal_of_China
A1756,Grand_Canyon
A1757,Grand_Central_Station_%28Chicago%29
A1758,Grand_Central_Terminal
A1759,Grand_Forks%2C_North_Dakota
A1760,Grand_Slam_%28tennis%29
A1761,Grange_Hill
A1762,Granite
A1763,Graniteville_train_disaster
A1764,Grape_seed_oil
A1765,Graphic_novel
A1766,Gravitation
A1767,Gray_Wolf
A1768,Gray_reef_shark
A1769,Grease_%28film%29
A1770,Great_Auk
A1771,Great_Barrier_Reef
A1772,Great_Black-backed_Gull
A1773,Great_Britain
A1774,Great_Bustard
A1775,Great_Comet_of_1882
A1776,Great_Cormorant
A1777,Great_Crested_Grebe
A1778,Great_Lakes
A1779,Great_Lakes_Storm_of_1913
A1780,Great_Moravia
A1781,Great_Pyramid_of_Giza
A1782,Great_Red_Spot
A1783,Great_Rift_Valley
A1784,Great_Salt_Lake
A1785,Great_Spotted_Woodpecker
A1786,Great_Tit
A1787,Great_Wall_of_China
A1788,Great_Yarmouth
A1789,Great_comet
A1790,Great_hammerhead
A1791,Great_white_shark
A1792,Greater_Cane_Rat
A1793,Greco-Buddhism
A1794,Greece
A1795,Greek_War_of_Independence
A1796,Greek_mythology
A1797,Green_Woodpecker
A1798,Greenhouse_effect
A1799,Greenland
A1800,Greg_LeMond
A1801,Gregor_Mendel
A1802,Gregorian_chant
A1803,Gremlins
A1804,Grenada
A1805,Grevy%27s_Zebra
A1806,Group_%28mathematics%29
A1807,Grover_Cleveland
A1808,Guadeloupe
A1809,Guam
A1810,Guangzhou
A1811,Guatemala
A1812,Guernsey
A1813,Guglielmo_Marconi
A1814,Guild
A1815,Guinea
A1816,Guinea-Bissau
A1817,Guinness
A1818,Guitar
A1819,Gulf_of_Mexico
A1820,Gull
A1821,Gunpowder
A1822,Guqin
A1823,Gustav_Holst
A1824,Gustavus_Franklin_Swift
A1825,Guyana
A1826,Gyeongju
A1827,Gypsum
A1828,H%C3%A4nsel_und_Gretel
A1829,H.D.
A1830,H5N1
A1831,HD_209458_b
A1832,HD_217107
A1833,HD_217107_b
A1834,HD_217107_c
A1835,HD_28185
A1836,HD_28185_b
A1837,HIV
A1838,HIV_AIDS_in_Africa
A1839,HMS_E18
A1840,HSBC
A1841,HTTP_cookie
A1842,H_II_region
A1843,Habsburg_Spain
A1844,Hadrian%27s_Wall
A1845,Haemophilia
A1846,Hafnium
A1847,Haiti
A1848,Haji_Mohammad_Suharto
A1849,Halfbeak
A1850,Halloween
A1851,Hamburg
A1852,Hamilton-Burr_duel
A1853,Hammurabi
A1854,Hampshire
A1855,Hampstead_Heath
A1856,Hannibal_Barca
A1857,Hanoi
A1858,Harald_Maddadsson
A1859,Haraldsk%C3%A6r_Woman
A1860,Harare
A1861,Hardball_squash
A1862,Harlem_Globetrotters
A1863,Harley-Davidson
A1864,Harold_Macmillan
A1865,Harold_Wilson
A1866,Harrier_Hawk
A1867,Harry_Potter
A1868,Harry_S._Truman
A1869,Harvest
A1870,Hasekura_Tsunenaga
A1871,Hassium
A1872,Hatshepsut
A1873,Hawaiian_Goose
A1874,Hawfinch
A1875,Hawk
A1876,Hawk-Eye
A1877,Hawking_radiation
A1878,Health
A1879,Heard_Island_and_McDonald_Islands
A1880,Heat
A1881,Hebrew_calendar
A1882,Hebrew_language
A1883,Hebrides
A1884,Heilbronn
A1885,Helen
A1886,Helen_Gandy
A1887,Helicobacter_pylori
A1888,Heliocentrism
A1889,Helium
A1890,Hellenistic_Greece
A1891,Hello_Garci_scandal
A1892,Helmeted_Guineafowl
A1893,Helsinki
A1894,Henipavirus
A1895,Henri_Matisse
A1896,Henrik_Ibsen
A1897,Henry_David_Thoreau
A1898,Henry_Fonda
A1899,Henry_Ford
A1900,Henry_H._Rogers
A1901,Henry_III_of_England
A1902,Henry_II_of_England
A1903,Henry_IV_of_England
A1904,Henry_I_of_England
A1905,Henry_James
A1906,Henry_Moore
A1907,Henry_Morrison_Flagler
A1908,Henry_Morton_Stanley
A1909,Henry_Purcell
A1910,Henry_Rollins
A1911,Henry_VIII_of_England
A1912,Henry_VII_of_England
A1913,Henry_VI_of_England
A1914,Henry_V_of_England
A1915,Henry_Wood_%28conductor%29
A1916,Hepatocellular_carcinoma
A1917,Hepatorenal_syndrome
A1918,Heracles
A1919,Heraclius
A1920,Heraldry
A1921,Herbert_Hoover
A1922,Herbig-Haro_object
A1923,Herbivore
A1924,Hermann_Maier
A1925,Hern%C3%A1n_Cort%C3%A9s
A1926,Hero_of_Ukraine
A1927,Hero_of_the_Russian_Federation
A1928,Herodotus
A1929,Heron
A1930,Herrerasaurus
A1931,Herring_Gull
A1932,Hey_Jude
A1933,Hickman%27s_potentilla
A1934,High_German_consonant_shift
A1935,Hilda_of_Whitby
A1936,Himalayas
A1937,Himno_Nacional_Mexicano
A1938,Hindi
A1939,Hinduism
A1940,Hip_hop_music
A1941,Hippocrates
A1942,Hippopotamus
A1943,Hiroh_Kikai
A1944,Hirohito
A1945,History
A1946,History_of_Alaska
A1947,History_of_Anglo-Saxon_England
A1948,History_of_Arizona
A1949,History_of_Buddhism
A1950,History_of_Burnside
A1951,History_of_Cape_Colony_from_1806_to_1870
A1952,History_of_Cape_Colony_from_1870_to_1899
A1953,History_of_Central_Asia
A1954,History_of_Earth
A1955,History_of_Greece
A1956,History_of_Greenland
A1957,History_of_Limerick
A1958,History_of_Louisville%2C_Kentucky
A1959,History_of_Miami%2C_Florida
A1960,History_of_New_Jersey
A1961,History_of_Northwest_Territories_capital_cities
A1962,History_of_Poland_%281945%E2%80%931989%29
A1963,History_of_Portugal_%281777%E2%80%931834%29
A1964,History_of_Puerto_Rico
A1965,History_of_Russia
A1966,History_of_Singapore
A1967,History_of_Solidarity
A1968,History_of_South_Africa
A1969,History_of_South_Africa_in_the_apartheid_era
A1970,History_of_South_Carolina
A1971,History_of_Wikipedia
A1972,History_of_computing_hardware
A1973,History_of_democracy
A1974,History_of_education
A1975,History_of_merit_badges_%28Boy_Scouts_of_America%29
A1976,History_of_nuclear_weapons
A1977,History_of_painting
A1978,History_of_post-Soviet_Russia
A1979,History_of_saffron
A1980,History_of_science
A1981,History_of_slavery
A1982,History_of_the_Australian_Capital_Territory
A1983,History_of_the_Grand_Canyon_area
A1984,History_of_the_Internet
A1985,History_of_the_Netherlands
A1986,History_of_the_Panama_Canal
A1987,History_of_the_Portuguese_Communist_Party
A1988,History_of_the_Royal_Australian_Navy
A1989,History_of_the_West_Indian_cricket_team
A1990,History_of_the_world
A1991,Ho_Chi_Minh
A1992,Ho_Chi_Minh_City
A1993,Holkham_Hall
A1994,Hollandic
A1995,Holmium
A1996,Holy_Roman_Empire
A1997,Homer
A1998,Homestar_Runner
A1999,Homo_floresiensis
A2000,Honduras
A2001,Honey
A2002,Honey_bee
A2003,Hong_Kong
A2004,Hoover_Dam
A2005,Hopman_Cup
A2006,Horatio_Nelson%2C_1st_Viscount_Nelson
A2007,Horn_of_Africa
A2008,Horse
A2009,Hot_air_balloon
A2010,House
A2011,House_Martin
A2012,House_Sparrow
A2013,House_of_Lords
A2014,Household_income_in_the_United_States
A2015,Houston%2C_Texas
A2016,Hovercraft
A2017,Howards_End
A2018,Howland_Island
A2019,Hrafnkels_saga
A2020,Hubbard_Glacier
A2021,Hubble%27s_law
A2022,Hubble_Deep_Field
A2023,Hubble_Space_Telescope
A2024,Hudson_Bay
A2025,Hugo_Wolf
A2026,Human
A2027,Human_abdomen
A2028,Human_dignity
A2029,Human_rights
A2030,Humanism
A2031,Humanities
A2032,Humbert_Roque_Versace
A2033,Humour
A2034,Humpback_Whale
A2035,Humphry_Davy
A2036,Humus
A2037,Hundred_Years%27_War
A2038,Hungary
A2039,Hunger
A2040,Huntington%27s_disease
A2041,Hurricane_Alex_%282004%29
A2042,Hurricane_Andrew
A2043,Hurricane_Camille
A2044,Hurricane_Charley
A2045,Hurricane_Danny_%281997%29
A2046,Hurricane_David
A2047,Hurricane_Dennis
A2048,Hurricane_Edouard_%281996%29
A2049,Hurricane_Epsilon_%282005%29
A2050,Hurricane_Felix_%281995%29
A2051,Hurricane_Floyd
A2052,Hurricane_Georges
A2053,Hurricane_Gloria
A2054,Hurricane_Ivan
A2055,Hurricane_John_%281994%29
A2056,Hurricane_John_%282006%29
A2057,Hurricane_Katrina
A2058,Hurricane_Lenny
A2059,Hurricane_Marty_%282003%29
A2060,Hurricane_Mitch
A2061,Hurricane_Philippe_%282005%29
A2062,Hurricane_Vince_%282005%29
A2063,Husein_Grada%C5%A1%C4%8Devi%C4%87
A2064,Hutu
A2065,Hyde_Park%2C_London
A2066,Hydrochloric_acid
A2067,Hydrogen
A2068,Hydrogen_peroxide
A2069,Hydrology
A2070,Hyena
A2071,Hymenoptera
A2072,Hypsilophodon
A2073,IG_Farben_Building
A2074,IPod
A2075,ITunes
A2076,I_Ching
A2077,I_Want_to_Hold_Your_Hand
A2078,Ibn_Battuta
A2079,Ice
A2080,Ice_age
A2081,Ice_hockey
A2082,Ice_sheet
A2083,Iceland
A2084,Iceland_hotspot
A2085,Ichthyosaur
A2086,Idit_Harel_Caperton
A2087,Idolatry
A2088,Igneous_rock
A2089,Igor_Stravinsky
A2090,Iguanodon
A2091,Ike_Altgens
A2092,Imagism
A2093,Immanuel_Kant
A2094,Imperative_programming
A2095,Imperial_Japanese_Navy
A2096,Impressionism
A2097,Inca_Empire
A2098,Income_disparity
A2099,India
A2100,Indian_Institutes_of_Technology
A2101,Indian_Ocean
A2102,Indian_Peafowl
A2103,Indian_Railways
A2104,Indian_Standard_Time
A2105,Indian_cricket_team
A2106,Indian_independence_movement
A2107,Indira_Gandhi
A2108,Indium
A2109,Indo-Greek_Kingdom
A2110,Indonesia
A2111,Indonesian_language
A2112,Indricotherium
A2113,Inductance
A2114,Indus_River
A2115,Indus_Valley_Civilization
A2116,Industrial_Revolution
A2117,Industry
A2118,Information
A2119,Infrastructure
A2120,Inner_Hebrides
A2121,Insect
A2122,Insulin
A2123,Integrated_circuit
A2124,Intel_Corporation
A2125,Intelligence
A2126,InterBase
A2127,International_Court_of_Justice
A2128,International_English
A2129,International_Red_Cross_and_Red_Crescent_Movement
A2130,International_Space_Station
A2131,International_human_rights_instruments
A2132,International_law
A2133,Internet
A2134,Internet_Explorer
A2135,Interpol
A2136,Introduction_to_special_relativity
A2137,Invasion
A2138,Invasion_of_Grenada
A2139,Invasive_species
A2140,Invertebrate
A2141,Investment_banking
A2142,Iodine
A2143,Iowa_class_battleship
A2144,Ipswich
A2145,Iran
A2146,Iranian_peoples
A2147,Iraq
A2148,Iraq_War
A2149,Iraq_and_weapons_of_mass_destruction
A2150,Ireland
A2151,Ireland_King_of_Arms
A2152,Iridium
A2153,Irish_Sea
A2154,Irish_people
A2155,Irish_poetry
A2156,Irish_theatre
A2157,Iron
A2158,Iron%28III%29_chloride
A2159,Iron_Age
A2160,Iron_Maiden
A2161,Iron_Mike
A2162,Irrigation
A2163,Isaac
A2164,Isaac_Asimov
A2165,Isaac_Brock
A2166,Isaac_Newton
A2167,Isambard_Kingdom_Brunel
A2168,Isan
A2169,Ishango_bone
A2170,Isis
A2171,Islam
A2172,Islamic_republic
A2173,Island_Fox
A2174,Isle_of_Man
A2175,Isle_of_Wight
A2176,Isles_of_Scilly
A2177,Isospin
A2178,Israel
A2179,Issyk_Kul
A2180,Istanbul
A2181,Italian_Renaissance
A2182,Italian_War_of_1521
A2183,Italo_disco
A2184,Italy
A2185,Ivan_IV_of_Russia
A2186,Ivory
A2187,Ivory-billed_Woodpecker
A2188,J%C3%B3rv%C3%ADk
A2189,J%C3%B3zef_Pi%C5%82sudski
A2190,J._J._Thomson
A2191,J._K._Rowling
A2192,J._M._W._Turner
A2193,J._R._R._Tolkien
A2194,J._S._Fry_%26_Sons
A2195,Jack_Kerouac
A2196,Jackal
A2197,Jackanory
A2198,Jackdaw
A2199,Jackie_Robinson
A2200,Jacob_Riis
A2201,Jacobite_rising
A2202,Jacques-Louis_David
A2203,Jacques_Cartier
A2204,Jakarta
A2205,Jake_Gyllenhaal
A2206,Jamaica
A2207,James_Bond
A2208,James_Buchanan
A2209,James_Callaghan
A2210,James_Clerk_Maxwell
A2211,James_Cook
A2212,James_D._Watson
A2213,James_Garfield
A2214,James_II_of_England
A2215,James_I_of_England
A2216,James_Joyce
A2217,James_K._Polk
A2218,James_Lovelock
A2219,James_Monroe
A2220,James_Stewart_%28actor%29
A2221,James_T._Aubrey%2C_Jr.
A2222,James_Watt
A2223,Jan_Mayen
A2224,Jane_Austen
A2225,Jane_Eyre
A2226,Jane_Fonda
A2227,Japan
A2228,Japanese_grammar
A2229,Japanese_war_crimes
A2230,Japanese_yen
A2231,Jarvis_Island
A2232,Jaws_%28film%29
A2233,Jazz
A2234,Jean-Jacques_Rousseau
A2235,Jean_Charles_de_Menezes
A2236,Jehovah
A2237,Jerry_Fodor
A2238,Jersey
A2239,Jersey_Zoological_Park
A2240,Jerusalem
A2241,Jesse_Owens
A2242,Jesus
A2243,Jet_Set_Willy
A2244,Jet_engine
A2245,Jew
A2246,Jewellery
A2247,Jiaogulan
A2248,Jimmy_Carter
A2249,Jimmy_Wales
A2250,Joan_of_Arc
A2251,Jocelin
A2252,Joel_Brand
A2253,Johann_Pachelbel
A2254,Johann_Sebastian_Bach
A2255,Johann_Wolfgang_Goethe
A2256,Johannes_Gutenberg
A2257,Johannes_Kepler
A2258,Johannes_Ockeghem
A2259,Johannesburg
A2260,John_A.T._Robinson
A2261,John_Adams
A2262,John_Bull_%28locomotive%29
A2263,John_Cabot
A2264,John_Calvin
A2265,John_Constable
A2266,John_Dee
A2267,John_F._Kennedy
A2268,John_F._Kennedy_assassination
A2269,John_Flamsteed
A2270,John_Henninger_Reagan
A2271,John_Howard
A2272,John_Locke
A2273,John_Logie_Baird
A2274,John_Marshall
A2275,John_Maynard_Keynes
A2276,John_McEnroe
A2277,John_Millington_Synge
A2278,John_Milton
A2279,John_Pershing
A2280,John_Seigenthaler%2C_Sr.
A2281,John_Sentamu
A2282,John_Tyler
A2283,John_Vanbrugh
A2284,John_W._Campbell
A2285,John_W._Johnston
A2286,John_of_England
A2287,John_von_Neumann
A2288,Johnny_Appleseed
A2289,Johnston_Atoll
A2290,Jomsvikings
A2291,Jonah_Lomu
A2292,Jonathan_Wild
A2293,Jordan
A2294,Jordan_River
A2295,Jordanhill_railway_station
A2296,Jorge_Luis_Borges
A2297,Joseph_Haydn
A2298,Joseph_Stalin
A2299,Joseph_and_the_Amazing_Technicolor_Dreamcoat
A2300,Josephus
A2301,Juan_Sebasti%C3%A1n_Elcano
A2302,Judaism
A2303,Juice
A2304,Julius_Caesar
A2305,Julius_and_Ethel_Rosenberg
A2306,July_2006_Java_earthquake
A2307,Jump_rope
A2308,Juniper_berry
A2309,Jupiter
A2310,Jupiter_%28mythology%29
A2311,Jurassic
A2312,Juvenile_delinquency
A2313,Jyllands-Posten_Muhammad_cartoons_controversy
A2314,K%C4%ABlauea
A2315,Kaffir_lime
A2316,Kakapo
A2317,Kakariki
A2318,Kangaroo
A2319,Kansas_City%2C_Missouri
A2320,Karachi
A2321,Kargil_War
A2322,Karikkoselk%C3%A4
A2323,Karl_Benz
A2324,Karl_Marx
A2325,Karl_Popper
A2326,Kashmir_region
A2327,Katana
A2328,Katyn_massacre
A2329,Kazakhstan
A2330,Keira_Knightley
A2331,Kenya
A2332,Kerala
A2333,Kestrel
A2334,Keurusselk%C3%A4
A2335,Kevin_Spacey
A2336,Khan_Wali_Khan
A2337,Khartoum
A2338,Khazars
A2339,Khudai_Khidmatgar
A2340,Kidnapped_%28novel%29
A2341,Kiev
A2342,Kigali
A2343,Kigo
A2344,King_Arthur
A2345,King_Kong_%281933_film%29
A2346,King_Kong_%282005_film%29
A2347,Kingman_Reef
A2348,Kipchaks_in_Georgia
A2349,Kiribati
A2350,Kite_%28bird%29
A2351,Kitsch
A2352,Klinefelter%27s_syndrome
A2353,Knights_of_Columbus
A2354,Kochi_%28India%29
A2355,Kofi_Annan
A2356,Kohlberg%27s_stages_of_moral_development
A2357,Kolkata
A2358,Konrad_Lorenz
A2359,Kookaburra
A2360,Korea
A2361,Koryaksky
A2362,Kosovo
A2363,Krag-J%C3%B8rgensen
A2364,Krakatoa
A2365,Krazy_Kat
A2366,Krill
A2367,Krypton
A2368,Ku_Klux_Klan
A2369,Kuala_Lumpur
A2370,Kubla_Khan
A2371,Kuiper_belt
A2372,Kurt_Cobain
A2373,Kuru_%28disease%29
A2374,Kuwait
A2375,Kuwait_City
A2376,Kylie_Minogue
A2377,Kyoto_Protocol
A2378,Kyrgyzstan
A2379,L._S._Lowry
A2380,LANSA_Cuzco_Crash
A2381,La_Grande_Arm%C3%A9e
A2382,La_Paz
A2383,Labor_Day_Hurricane_of_1935
A2384,Ladysmith_Black_Mambazo
A2385,Lagos
A2386,Laika
A2387,Lake_Albert
A2388,Lake_Baikal
A2389,Lake_Burley_Griffin
A2390,Lake_Chad
A2391,Lake_District
A2392,Lake_Edward
A2393,Lake_Kariba
A2394,Lake_Kivu
A2395,Lake_Malawi
A2396,Lake_Mead
A2397,Lake_Powell
A2398,Lake_Superior
A2399,Lake_Tahoe
A2400,Lake_Tanganyika
A2401,Lake_Titicaca
A2402,Lake_Toba
A2403,Lake_Turkana
A2404,Lake_Victoria
A2405,Lake_Vostok
A2406,Lance_Armstrong
A2407,Lancia_Flaminia
A2408,Land_%28economics%29
A2409,Landform
A2410,Landscape
A2411,Language
A2412,Lanthanum
A2413,Laos
A2414,Laozi
A2415,Las_Palmas_de_Gran_Canaria
A2416,Las_Vegas%2C_Nevada
A2417,Last_Supper
A2418,Latin
A2419,Latin_America
A2420,Latin_alphabet
A2421,Latvia
A2422,Laurence_Olivier
A2423,Laurent_Fignon
A2424,Lavender
A2425,Law
A2426,Lawn
A2427,Lawrencium
A2428,Laws_in_Wales_Acts_1535%E2%80%931542
A2429,Layla
A2430,Lead
A2431,Lead%28II%29_nitrate
A2432,League_of_Nations
A2433,Leaning_Tower_of_Pisa
A2434,Lebanon
A2435,Leeds
A2436,Lego
A2437,Leicester
A2438,Leif_Ericson
A2439,Leisure
A2440,Lemon
A2441,Lemon_balm
A2442,Lemon_myrtle
A2443,Lens_%28anatomy%29
A2444,Leo_%28constellation%29
A2445,Leo_Tolstoy
A2446,Leon_Trotsky
A2447,Leonardo_da_Vinci
A2448,Leonhard_Euler
A2449,Lerwick
A2450,Lesotho
A2451,Lesothosaurus
A2452,Lettuce
A2453,Levee_failures_in_Greater_New_Orleans%2C_2005
A2454,Lhasa
A2455,Liberal_Democrats
A2456,Liberal_democracy
A2457,Liberalism
A2458,Liberia
A2459,Libertarianism
A2460,Library
A2461,Library_of_Alexandria
A2462,Library_of_Congress
A2463,Libreville
A2464,Libya
A2465,Liechtenstein
A2466,Life
A2467,Light
A2468,Lighthouse_of_Alexandria
A2469,Lighting_designer
A2470,Lightning_rod
A2471,Lille
A2472,Lilongwe
A2473,Lima
A2474,Limerick
A2475,Lincoln_%28automobile%29
A2476,Lincoln_Town_Car
A2477,Lindisfarne_Gospels
A2478,Linear_algebra
A2479,Linguistics
A2480,Link_%28The_Legend_of_Zelda%29
A2481,Linnet
A2482,Linus_Pauling
A2483,Linus_Torvalds
A2484,Linux
A2485,Lion
A2486,Lipid
A2487,Liquid_crystal
A2488,Lisbon
A2489,List_of_African_countries
A2490,List_of_Archbishops_of_Canterbury
A2491,List_of_Asian_countries
A2492,List_of_Canadian_provinces_and_territories_by_area
A2493,List_of_European_Union_member_states_by_accession
A2494,List_of_European_countries
A2495,List_of_French_monarchs
A2496,List_of_North_American_countries
A2497,List_of_Oceanian_countries
A2498,List_of_Prime_Ministers_of_the_United_Kingdom
A2499,List_of_South_American_countries
A2500,List_of_Test_cricket_triple_centuries
A2501,List_of_U.S._states_by_date_of_statehood
A2502,List_of_animal_welfare_groups
A2503,List_of_areas_in_the_National_Park_System_of_the_United_States
A2504,List_of_circulating_currencies
A2505,List_of_countries
A2506,List_of_countries_by_system_of_government
A2507,List_of_elements_by_name
A2508,List_of_essential_oils
A2509,List_of_lakes
A2510,List_of_members_of_the_Commonwealth_of_Nations_by_date_joined
A2511,List_of_minerals
A2512,List_of_monarchs_in_the_British_Isles
A2513,List_of_particles
A2514,List_of_popes
A2515,List_of_rivers_by_length
A2516,List_of_sovereign_states
A2517,List_of_universities_in_the_United_Kingdom
A2518,List_of_vegetable_oils
A2519,List_of_world%27s_largest_lakes
A2520,Literacy
A2521,Literature
A2522,Lithium
A2523,Lithium_aluminium_hydride
A2524,Lithuania
A2525,Little_Women
A2526,Liverpool
A2527,Liverpool_F.C.
A2528,Liverpool_and_Manchester_Railway
A2529,Llandudno
A2530,Llywelyn_the_Great
A2531,Local_community
A2532,Local_government_in_the_United_Kingdom
A2533,Loch
A2534,Loch_Ness
A2535,Logba_language
A2536,Logic
A2537,Logistics
A2538,Lom%C3%A9
A2539,London
A2540,London_Bridge
A2541,London_Underground
A2542,London_Zoo
A2543,London_sewerage_system
A2544,Lone_Wolf_%28gamebooks%29
A2545,Long-billed_Vulture
A2546,Long-tailed_Tit
A2547,Long_pepper
A2548,Longship
A2549,Looney_Tunes
A2550,Lope_de_Barrientos
A2551,Lord%27s_Resistance_Army
A2552,Lord_Voldemort
A2553,Los_Angeles%2C_California
A2554,Lost_%28TV_series%29
A2555,Lothal
A2556,Lottie_Dod
A2557,Louis_Armstrong
A2558,Louis_Freeh
A2559,Louis_Jordan
A2560,Louis_Pasteur
A2561,Louis_XIV_of_France
A2562,Louisville%2C_Kentucky
A2563,Lovage
A2564,Love
A2565,Lucy%2C_Lady_Duff-Gordon
A2566,Ludwig_Wittgenstein
A2567,Ludwig_van_Beethoven
A2568,Luftwaffe
A2569,Luminiferous_aether
A2570,Lunar_eclipse
A2571,Lung_cancer
A2572,Lusaka
A2573,Lutetium
A2574,Luxembourg
A2575,Luxembourg_%28city%29
A2576,Lyme_disease
A2577,Lyndon_B._Johnson
A2578,Lynton_and_Barnstaple_Railway
A2579,Lyon
A2580,M%2AA%2AS%2AH_%28TV_series%29
A2581,M-10001
A2582,M-10003-6
A2583,M1_motorway
A2584,M25_motorway
A2585,M6_motorway
A2586,MINI_%28BMW%29
A2587,Macau
A2588,Macbeth
A2589,Macbeth_of_Scotland
A2590,Macedon
A2591,Machu_Picchu
A2592,Macintosh
A2593,Mackenzie_River
A2594,Madagascar
A2595,Madama_Butterfly
A2596,Madrid
A2597,Magdalena_Abakanowicz
A2598,Magellanic_Penguin
A2599,Maghreb
A2600,Magic__The_Gathering
A2601,Maglev_train
A2602,Magma
A2603,Magna_Carta
A2604,Magnesium
A2605,Magnet
A2606,Magnetism
A2607,Magpie
A2608,Mahabharata
A2609,Mahatma_Gandhi
A2610,Mahjong
A2611,Mahmoud_Abbas
A2612,Maiasaura
A2613,Maize
A2614,Makuria
A2615,Malaria
A2616,Malaspina_Glacier
A2617,Malawi
A2618,Malaysia
A2619,Malcolm_III_of_Scotland
A2620,Malcolm_II_of_Scotland
A2621,Malcolm_X
A2622,Maldives
A2623,Mali
A2624,Mallard
A2625,Malta
A2626,Malwa_%28Madhya_Pradesh%29
A2627,Mamenchisaurus
A2628,Mammal
A2629,Mammoth
A2630,Mammoth_Cave_National_Park
A2631,Mancala
A2632,Manchester
A2633,Manchester_United_F.C.
A2634,Mandan
A2635,Manganese
A2636,Mango
A2637,Manifest_Destiny
A2638,Manifold
A2639,Manila
A2640,Manorialism
A2641,Manuel_I_Komnenos
A2642,Manufacturing
A2643,Mao_Zedong
A2644,Map_projection
A2645,Maputo
A2646,Marc_Pugh
A2647,Marcel_Lefebvre
A2648,Marcel_Proust
A2649,Marco_Polo
A2650,Marcus_Allen
A2651,Margaret_Sanger
A2652,Margaret_Thatcher
A2653,Margate
A2654,Margin_of_error
A2655,Marginated_Tortoise
A2656,Marie_Curie
A2657,Mario
A2658,Marjoram
A2659,Mark_Antony
A2660,Mark_Twain
A2661,Mark_Twain_House
A2662,Mark_Webber
A2663,Market
A2664,Markup_language
A2665,Mars
A2666,Mars_Exploration_Rover
A2667,Mars_Reconnaissance_Orbiter
A2668,Marseille
A2669,Marshall_Islands
A2670,Marshall_Plan
A2671,Martello_tower
A2672,Martin_Luther
A2673,Martin_Luther_King%2C_Jr.
A2674,Martin_Van_Buren
A2675,Martina_Navratilova
A2676,Martinique
A2677,Marvin_Gaye
A2678,Marxism
A2679,Mary_II_of_England
A2680,Mary_I_of_England
A2681,Mary_I_of_Scotland
A2682,Mary_Kingsley
A2683,Mary_Seacole
A2684,Mary_Somerville
A2685,Maseru
A2686,Mass_Rapid_Transit_%28Singapore%29
A2687,Mass_media
A2688,Massospondylus
A2689,Material_properties_of_diamond
A2690,Mathematical_analysis
A2691,Mathematics
A2692,Matilda_of_Boulogne
A2693,Matrix_%28mathematics%29
A2694,Matsuo_Bash%C5%8D
A2695,Matter
A2696,Matthew_Brettingham
A2697,Mauna_Loa
A2698,Mauritania
A2699,Mauritius
A2700,Mausoleum_of_Maussollos
A2701,Mauthausen-Gusen_concentration_camp
A2702,Max_Planck
A2703,Max_Weber
A2704,Maxwell%27s_equations
A2705,Maya_civilization
A2706,Maya_mythology
A2707,Mayotte
A2708,Mbabane
A2709,McFly_%28band%29
A2710,Meander
A2711,Measles
A2712,Measurement
A2713,Meat
A2714,Mecca
A2715,Mechanical_work
A2716,Medal_of_Honor
A2717,Medicine
A2718,Medieval_commune
A2719,Medieval_literature
A2720,Medieval_music
A2721,Mediterranean_Sea
A2722,Mega_Man_X_%28character%29
A2723,Meitnerium
A2724,Mekong
A2725,Melbourne
A2726,Mendelevium
A2727,Mendip_Hills
A2728,Meningitis
A2729,Menstrual_cycle
A2730,Mentha
A2731,Menthol
A2732,Mercantilism
A2733,Mercia
A2734,Mercury_%28element%29
A2735,Mercury_%28planet%29
A2736,Merrimack_River
A2737,Merseburg_Incantations
A2738,Mesopotamia
A2739,Mestizo
A2740,Metal
A2741,Metallurgy
A2742,Metamorphic_rock
A2743,Meteor
A2744,Meteor_shower
A2745,Meteorological_history_of_Hurricane_Katrina
A2746,Meteorology
A2747,Metric_expansion_of_space
A2748,Mexico
A2749,Mexico_City
A2750,Miami%2C_Florida
A2751,Michael_Faraday
A2752,Michael_Jordan
A2753,Michael_Ramsey
A2754,Michael_Woodruff
A2755,Michelangelo
A2756,Michigan_State_University
A2757,Mickey_Mantle
A2758,Microraptor
A2759,Microscope
A2760,Microsoft
A2761,Microsoft_Windows
A2762,Middle_Ages
A2763,Middle_East
A2764,Midway_Atoll
A2765,Miguel_de_Cervantes
A2766,Mikhail_Gorbachev
A2767,Milan
A2768,Miles_Davis
A2769,Milgram_experiment
A2770,Military_dictatorship
A2771,Military_history_of_Canada
A2772,Military_history_of_France
A2773,Military_history_of_Puerto_Rico
A2774,Military_history_of_the_Soviet_Union
A2775,Milk
A2776,Milk_thistle
A2777,Milkshake
A2778,Milky_Way
A2779,Millard_Fillmore
A2780,Milton_Keynes
A2781,Mind
A2782,Mineral
A2783,Ming_Dynasty
A2784,Mini
A2785,Minimum_wage
A2786,Mining
A2787,Minmi_%28dinosaur%29
A2788,Minneapolis%2C_Minnesota
A2789,Minnesota
A2790,Minoan_civilization
A2791,Minstrel_show
A2792,Miocene
A2793,Mir
A2794,Mirabilis_%28plant%29
A2795,Miranda_Otto
A2796,Mississippi_River
A2797,Missouri_River
A2798,Mistle_Thrush
A2799,Mitochondrial_Eve
A2800,Mitochondrion
A2801,Mixed-breed_dog
A2802,Mixtape
A2803,Modern_history
A2804,Modernist_poetry_in_English
A2805,Mogadishu
A2806,Mohs_scale_of_mineral_hardness
A2807,Moldova
A2808,Moldovans
A2809,Mole_%28animal%29
A2810,Molybdenum
A2811,Momentum
A2812,Mona_Lisa
A2813,Monaco
A2814,Monaco_Grand_Prix
A2815,Monarchies_in_the_European_Union
A2816,Monarchy
A2817,Monarda_didyma
A2818,Money
A2819,Mongol_Empire
A2820,Mongol_invasion_of_Central_Asia
A2821,Mongolia
A2822,Mongoose
A2823,Monkey
A2824,Monoclonius
A2825,Monopoly_%28game%29
A2826,Monrovia
A2827,Montenegro
A2828,Montevideo
A2829,Montreal
A2830,Montreal_Metro
A2831,Montserrat
A2832,Monty_Python
A2833,Moon
A2834,Moon_landing
A2835,Moore%27s_Law
A2836,Moorgate
A2837,Moorhen
A2838,Morecambe_Bay
A2839,Morecambe_and_Wise
A2840,Moringa_oleifera
A2841,Mormon
A2842,Mormon_Trail
A2843,Morocco
A2844,Morphine
A2845,Morris_dance
A2846,Mosaic
A2847,Moscow
A2848,Mosque
A2849,Moss
A2850,Mother_Teresa
A2851,Motion_%28physics%29
A2852,Mount_Baker
A2853,Mount_Everest
A2854,Mount_Kilimanjaro
A2855,Mount_Nyiragongo
A2856,Mount_Osmond%2C_South_Australia
A2857,Mount_Pinatubo
A2858,Mount_Rainier
A2859,Mount_Rushmore
A2860,Mount_St._Helens
A2861,Mount_Unzen
A2862,Mount_Vesuvius
A2863,Mountain_Gorilla
A2864,Mozambique
A2865,Mozilla_Firefox
A2866,Mu_Arae
A2867,Muhammad
A2868,Muhammad_Ali
A2869,Muhammad_Ali_Jinnah
A2870,Muhammad_Iqbal
A2871,Muhammad_ibn_Musa_al-Khwarizmi
A2872,Multiculturalism
A2873,Multiple_sclerosis
A2874,Multiple_sequence_alignment
A2875,Mumbai
A2876,Mummy
A2877,Munich
A2878,Murray_River
A2879,Muscat%2C_Oman
A2880,Music
A2881,Music_of_Albania
A2882,Music_of_Antigua_and_Barbuda
A2883,Music_of_Barbados
A2884,Music_of_Dominica
A2885,Music_of_Hawaii
A2886,Music_of_Hungary
A2887,Music_of_Ireland
A2888,Music_of_Italy
A2889,Music_of_Martinique_and_Guadeloupe
A2890,Music_of_New_Zealand
A2891,Music_of_Spain
A2892,Music_of_Thailand
A2893,Music_of_Trinidad_and_Tobago
A2894,Music_of_the_Bahamas
A2895,Music_of_the_Lesser_Antilles
A2896,Music_of_the_United_States
A2897,Music_of_the_trecento
A2898,Musical_instrument
A2899,Mustard_plant
A2900,Mustard_seed
A2901,Muttaburrasaurus
A2902,Myanmar
A2903,Myco-heterotrophy
A2904,Myers-Briggs_Type_Indicator
A2905,Myocardial_infarction
A2906,Mysticism
A2907,Mythology
A2908,Myxobolus_cerebralis
A2909,NATO
A2910,Nadia_Com%C4%83neci
A2911,Nagorno-Karabakh_War
A2912,Nahuatl_language
A2913,Nairobi
A2914,Naked_Mole_Rat
A2915,Names_of_God_in_Judaism
A2916,Namibia
A2917,Nanomedicine
A2918,Napoleon_I_of_France
A2919,Napoleonic_Wars
A2920,Napster
A2921,Nash_equilibrium
A2922,Nashville%2C_Tennessee
A2923,Natalie_Portman
A2924,Nathu_La
A2925,National_Anthem_of_Russia
A2926,National_Gallery%2C_London
A2927,National_Hockey_League
A2928,National_parks_of_England_and_Wales
A2929,Nationalism
A2930,Nationality
A2931,Natural_disaster
A2932,Natural_gas
A2933,Natural_selection
A2934,Nature
A2935,Nauru
A2936,Naval_Battle_of_Guadalcanal
A2937,Navassa_Island
A2938,Nazi_Germany
A2939,Nazism
A2940,Necktie
A2941,Negros_Oriental
A2942,Neighbours
A2943,Neil_Armstrong
A2944,Neil_Young
A2945,Nelson_Mandela
A2946,Nematode
A2947,Neoclassicism
A2948,Neodymium
A2949,Neon
A2950,Nepal
A2951,Nepenthes_rajah
A2952,Nephron
A2953,Neptune
A2954,Neptunium
A2955,Netball
A2956,Netherlands
A2957,Netherlands_Antilles
A2958,Neutron
A2959,New_Caledonia
A2960,New_Delhi
A2961,New_England_Patriots
A2962,New_Forest
A2963,New_York_City
A2964,New_York_City_Subway_nomenclature
A2965,New_Zealand
A2966,New_moon
A2967,Newark%2C_New_Jersey
A2968,Newcastle_upon_Tyne
A2969,Newmarket
A2970,Newshounds
A2971,Newspaper
A2972,Newsround
A2973,Niagara_Falls
A2974,Nicaragua
A2975,Niccol%C3%B2_Machiavelli
A2976,Niccol%C3%B2_Paganini
A2977,Niccol%C3%B2_dell%27Abbate
A2978,Nickel
A2979,Nicobar_Long-tailed_Macaque
A2980,Nicolaus_Copernicus
A2981,Niels_Bohr
A2982,Nigella
A2983,Niger
A2984,Niger_River
A2985,Nigeria
A2986,Nightingale
A2987,Nikola_Tesla
A2988,Nikolai_Rimsky-Korsakov
A2989,Nile
A2990,Nine_Million_Bicycles
A2991,Nineteen_Eighty-Four
A2992,Nintendo
A2993,Nintendo_DS
A2994,Nintendo_Entertainment_System
A2995,Niobium
A2996,Nirvana_%28band%29
A2997,Nitrification
A2998,Nitrogen
A2999,Nitrogen_cycle
A3000,Nitrogen_fixation
A3001,Niue
A3002,Noam_Chomsky
A3003,Nobel_Peace_Prize
A3004,Nobelium
A3005,Nobiin_language
A3006,Norfolk
A3007,Norfolk_Island
A3008,Norman_Borlaug
A3009,Norman_conquest_of_England
A3010,Norse_mythology
A3011,North_Africa
A3012,North_America
A3013,North_Atlantic_oscillation
A3014,North_Korea
A3015,North_Sea
A3016,North_Sea_flood_of_1953
A3017,North_Sea_oil
A3018,Northern_Ireland
A3019,Northern_Mariana_Islands
A3020,Northern_Pacific_Railway
A3021,Northwest_Africa
A3022,Norway
A3023,Norwich
A3024,Nostradamus
A3025,Nottingham
A3026,Nouakchott
A3027,Novel
A3028,Novelty_%28locomotive%29
A3029,Nuclear_fission
A3030,Nuclear_power
A3031,Nuclear_weapon
A3032,Number
A3033,Numismatics
A3034,Nurse_sharks
A3035,Nuthatch
A3036,Nutmeg
A3037,Nutrition
A3038,Oasis_%28band%29
A3039,Oat
A3040,Obi-Wan_Kenobi
A3041,Ocean
A3042,Oceania
A3043,Oceanography
A3044,Odin
A3045,Odysseus
A3046,Odyssey
A3047,Oenothera
A3048,Ohm
A3049,Oil_painting
A3050,Oil_refinery
A3051,Oil_reservoir
A3052,Okapi
A3053,Olaudah_Equiano
A3054,Old_English_language
A3055,Old_Nubian_language
A3056,Old_Swiss_Confederacy
A3057,Oleg_of_Novgorod
A3058,Oligarchy
A3059,Oligocene
A3060,Olive_oil
A3061,Oliver_Cromwell
A3062,Oliver_Twist
A3063,Ollanta_Humala
A3064,Olmec
A3065,Olympic_Games
A3066,Oman
A3067,Omega-3_fatty_acid
A3068,One_Flew_Over_the_Cuckoo%27s_Nest_%28novel%29
A3069,One_Foot_in_the_Grave
A3070,Onion
A3071,Onion_dome
A3072,OpenBSD
A3073,OpenOffice.org
A3074,Open_cluster
A3075,Open_source
A3076,Opera
A3077,Oppression
A3078,Optical_fiber
A3079,Optical_microscope
A3080,Optical_telescope
A3081,Opuntia_imbricata
A3082,Opus_Dei
A3083,Orbit_%28anatomy%29
A3084,Orca
A3085,Order_of_Canada
A3086,Order_of_St._Patrick
A3087,Order_of_the_Bath
A3088,Order_of_the_Garter
A3089,Order_of_the_Thistle
A3090,Ordinal_number
A3091,Ordinary_differential_equation
A3092,Ordination_of_women
A3093,Ordovician
A3094,Oregano
A3095,Oregon
A3096,Organism
A3097,Organization
A3098,Orion_Nebula
A3099,Orkney
A3100,Ormulum
A3101,Ornithischia
A3102,Oroonoko
A3103,Osaka
A3104,Osama_bin_Laden
A3105,Osiris
A3106,Oslo
A3107,Osmium
A3108,Osprey
A3109,Osteomalacia
A3110,Ostrich
A3111,Oswald_of_Northumbria
A3112,Ottawa
A3113,Otter
A3114,Otto_von_Bismarck
A3115,Ottoman_Empire
A3116,Ouagadougou
A3117,Outer_Hebrides
A3118,Overseas_Railroad
A3119,Oviraptor
A3120,Owl
A3121,Oxbow_lake
A3122,Oxford
A3123,Oxygen
A3124,Oxyrhynchus
A3125,Ozone
A3126,Ozone_depletion
A3127,P%C3%B3voa_de_Varzim
A3128,PONG
A3129,PRR_GG1
A3130,PRR_M1
A3131,PSR_B1620-26c
A3132,Pablo_Picasso
A3133,Pac-Man
A3134,Pachycephalosaurus
A3135,Pacific_Ocean
A3136,Painting
A3137,Pakistan
A3138,Palace_of_Westminster
A3139,Palau
A3140,Palazzo_Pitti
A3141,Paleocene
A3142,Paleontology
A3143,Palestinian_territories
A3144,Pali_Canon
A3145,Palio_di_Siena
A3146,Palladian_architecture
A3147,Palladium
A3148,Palm_oil
A3149,Palmyra_Atoll
A3150,Pan_Am_Flight_103
A3151,Panama
A3152,Panama_Canal
A3153,Pandanus
A3154,Papal_conclave
A3155,Paprika
A3156,Papua_New_Guinea
A3157,Paraguay
A3158,Parasaurolophus
A3159,Paricut%C3%ADn
A3160,Paris
A3161,Park
A3162,Parliament_of_Canada
A3163,Parliament_of_Malaysia
A3164,Parliament_of_the_United_Kingdom
A3165,Parliamentary_system
A3166,Parrot
A3167,Parsley
A3168,Parsnip
A3169,Parthenon
A3170,Pashtun_people
A3171,Passenger_Pigeon
A3172,Pat_Cash
A3173,Patna
A3174,Paul_C%C3%A9zanne
A3175,Paul_Dirac
A3176,Paul_Kane
A3177,Paul_McCartney
A3178,Paul_of_Tarsus
A3179,Pea
A3180,Peace
A3181,Peaceful_coexistence
A3182,Peafowl
A3183,Peak_District
A3184,Peanut
A3185,Pearl
A3186,Pedagogy
A3187,Pedro_del_Valle
A3188,Pel%C3%A9
A3189,Pelagic_zone
A3190,Pellagra
A3191,Pelycosaur
A3192,Penda_of_Mercia
A3193,Penguin
A3194,Pennine_Way
A3195,Pennsylvania_Railroad
A3196,Pentateuch
A3197,People%27s_Republic_of_China
A3198,Pere_Marquette_1225
A3199,Peregrine_Falcon
A3200,Perfect_number
A3201,Pericles
A3202,Periodic_table
A3203,Periodic_table_%28large_version%29
A3204,Perl
A3205,Permian
A3206,Pernicious_anemia
A3207,Persian_Empire
A3208,Persian_Gulf
A3209,Persian_literature
A3210,Perth%2C_Western_Australia
A3211,Peru
A3212,Pete_Sampras
A3213,Peter_Grimes
A3214,Peter_I_of_Russia
A3215,Peter_Paul_Rubens
A3216,Peterborough_Chronicle
A3217,Petroleum
A3218,Phase_%28matter%29
A3219,Pheidippides
A3220,Phenylketonuria
A3221,Philadelphia
A3222,Philately
A3223,Philip_II_of_Spain
A3224,Philippines
A3225,Philosophiae_Naturalis_Principia_Mathematica
A3226,Philosophy
A3227,Philosophy_of_mind
A3228,Phineas_Gage
A3229,Phishing
A3230,Phla-Pher%C3%A1_languages
A3231,Phoenix_%28spacecraft%29
A3232,Phoenix_Zoo
A3233,Phonograph_cylinder
A3234,Phosphorus
A3235,Phosphorus_tribromide
A3236,Phosphorus_trichloride
A3237,Phosphoryl_chloride
A3238,Photography
A3239,Photon
A3240,Photosynthesis
A3241,Photosynthetic_reaction_centre
A3242,Photovoltaic_array
A3243,Physical_paradox
A3244,Physical_science
A3245,Physics
A3246,Pi
A3247,Piano
A3248,Piccadilly_Circus
A3249,Picts
A3250,Pied_Avocet
A3251,Pig
A3252,Pigeon
A3253,Pigment
A3254,Pikachu
A3255,Pink_Pigeon
A3256,Pinworm
A3257,Pitcairn_Islands
A3258,Plains_Zebra
A3259,Planet
A3260,Planetary_habitability
A3261,Planetary_nebula
A3262,Plant
A3263,Plant_cell
A3264,Plasma_%28physics%29
A3265,Plate_tectonics
A3266,Plateosaurus
A3267,Platinum
A3268,Plato
A3269,Platypus
A3270,Playing_card
A3271,Pleiades_%28star_cluster%29
A3272,Plesiosaur
A3273,Pliocene
A3274,Plover
A3275,Plum
A3276,Pluto
A3277,Plutonium
A3278,Plymouth
A3279,Pneumonia
A3280,Pochard
A3281,Podcasting
A3282,Poetry
A3283,Poetry_of_the_United_States
A3284,Poison_gas_in_World_War_I
A3285,Pok%C3%A9mon_Trading_Card_Game
A3286,Poland
A3287,Polar_coordinate_system
A3288,Polar_ice_cap
A3289,Police
A3290,Police_state
A3291,Polish%E2%80%93Muscovite_War_%281605%E2%80%931618%29
A3292,Polish-Lithuanian_Commonwealth
A3293,Polish-Muscovite_War_%281605%E2%80%931618%29
A3294,Polish-Soviet_War
A3295,Political_economy
A3296,Political_integration_of_India
A3297,Political_philosophy
A3298,Political_science
A3299,Politics
A3300,Politics_of_the_United_Kingdom
A3301,Pollinator
A3302,Pollinator_decline
A3303,Pollution
A3304,Polonium
A3305,Polymerase_chain_reaction
A3306,Pompeii
A3307,Pond
A3308,Pontiac%27s_Rebellion
A3309,Pony
A3310,Poor_Law
A3311,Pop_Idol
A3312,Pope
A3313,Pope_Benedict_XVI
A3314,Pope_John_Paul_II
A3315,Pope_Pius_XII
A3316,Popular_culture
A3317,Popular_culture_studies
A3318,Population_history_of_American_indigenous_peoples
A3319,Porgy_and_Bess
A3320,Port_Louis
A3321,Porto-Novo
A3322,Portsmouth
A3323,Portugal
A3324,Portuguese_Communist_Party
A3325,Portuguese_language
A3326,Post-glacial_rebound
A3327,Postage_stamp
A3328,Postman_Pat
A3329,Potassium
A3330,Potassium_iodide
A3331,Potassium_nitrate
A3332,Potato
A3333,Pottery
A3334,Poultry
A3335,Pound_sterling
A3336,Poverty
A3337,Prague
A3338,Praia
A3339,Praseodymium
A3340,Pre-Raphaelite_Brotherhood
A3341,Precambrian
A3342,Prehistoric_man
A3343,President_of_the_United_States
A3344,Pretoria
A3345,Pride_and_Prejudice
A3346,Prime_Minister_of_the_United_Kingdom
A3347,Prime_number
A3348,Primula
A3349,Princeton_University
A3350,Principality
A3351,Printmaking
A3352,Prion
A3353,Private_Peaceful
A3354,Privy_Council_of_the_United_Kingdom
A3355,Pro_Milone
A3356,Probability_theory
A3357,Programming_language
A3358,Project_MKULTRA
A3359,Project_Vanguard
A3360,Promethium
A3361,Propaganda
A3362,Property
A3363,Prospecting
A3364,Prostate_cancer
A3365,Protactinium
A3366,Protein
A3367,Protoceratops
A3368,Proton
A3369,Proxima_Centauri
A3370,Psittacosaurus
A3371,Psychology
A3372,Pterosaur
A3373,Ptolemy
A3374,Publishing
A3375,Puerto_Rico
A3376,Puffin
A3377,Pumpkin
A3378,Punctuated_equilibrium
A3379,Pupil
A3380,Pygmy_Hippopotamus
A3381,Pyongyang
A3382,Pyotr_Ilyich_Tchaikovsky
A3383,Pyramid
A3384,Pyrite
A3385,Pythagoras
A3386,Pythagorean_theorem
A3387,Python_%28programming_language%29
A3388,Qatar
A3389,Qin_Dynasty
A3390,Qin_Shi_Huang
A3391,Qing_Dynasty
A3392,Quantity
A3393,Quantum_chemistry
A3394,Quantum_computer
A3395,Quantum_mechanics
A3396,Quark
A3397,Quartz
A3398,Quatermass_and_the_Pit
A3399,Queen_%28band%29
A3400,Quetzalcoatl
A3401,Quito
A3402,Qur%27an
A3403,R%C3%A9union
A3404,RER
A3405,RMS_Titanic
A3406,ROT13
A3407,RSS_%28file_format%29
A3408,Rabat
A3409,Rabbit
A3410,Rabies
A3411,Rabindranath_Tagore
A3412,Race
A3413,Radar
A3414,Radhanite
A3415,Radio
A3416,Radio_frequency
A3417,Radio_telescope
A3418,Radish
A3419,Radium
A3420,Radon
A3421,Ragtime
A3422,Rail_transport
A3423,Rail_transport_in_India
A3424,Railway_post_office
A3425,Rain
A3426,Rainbow
A3427,Rainforest
A3428,Rainhill_Trials
A3429,Raising_the_Flag_on_Iwo_Jima
A3430,Ralph_Nader
A3431,Rama
A3432,Ramayana
A3433,Ramesses_II
A3434,Ramsgate
A3435,Ran_%28film%29
A3436,Raney_nickel
A3437,Raphael
A3438,Rapping
A3439,Raven
A3440,Ray_of_Light
A3441,Real_tennis
A3442,Rebecca_Helferich_Clarke
A3443,Recorder
A3444,Recycling
A3445,Red_Kite
A3446,Red_Panda
A3447,Red_Sea
A3448,Red_dwarf
A3449,Red_giant
A3450,Red_rain_in_Kerala
A3451,Redshift
A3452,Redwing
A3453,Redwood_National_and_State_Parks
A3454,Reed_Bunting
A3455,Reed_Warbler
A3456,Refining
A3457,Refrigerator_car
A3458,Regent%27s_Park
A3459,Reggae
A3460,Reggaeton
A3461,Religion
A3462,Religious_Society_of_Friends
A3463,Rembrandt
A3464,Ren%C3%A9_Descartes
A3465,Renaissance
A3466,Renaissance_music
A3467,Renminbi
A3468,Renormalization
A3469,Reptile
A3470,Republic_of_China
A3471,Republic_of_Ireland
A3472,Republic_of_Macedonia
A3473,Republic_of_the_Congo
A3474,Restoration_comedy
A3475,Restoration_literature
A3476,Retina
A3477,Retinol
A3478,Retreat_of_glaciers_since_1850
A3479,Revised_Standard_Version
A3480,Revolution
A3481,Reza_Shah
A3482,Rhenium
A3483,Rhine
A3484,Rhode_Island
A3485,Rhodium
A3486,Rhodium%28III%29_chloride
A3487,Rhubarb
A3488,Rhythm_and_blues
A3489,Rice
A3490,Richard_Feynman
A3491,Richard_Francis_Burton
A3492,Richard_III_%28play%29
A3493,Richard_III_of_England
A3494,Richard_II_of_England
A3495,Richard_I_of_England
A3496,Richard_Nixon
A3497,Richard_O%27Connor
A3498,Richard_Stallman
A3499,Richard_Wagner
A3500,Richmond%2C_Virginia
A3501,Riesling
A3502,Right_whale
A3503,Ringed_Plover
A3504,Rio_Tinto_Group
A3505,Rio_de_Janeiro
A3506,River
A3507,River_Severn
A3508,River_Thames
A3509,Riyadh
A3510,Roald_Amundsen
A3511,Roan_Antelope
A3512,Robert_Baden-Powell%2C_1st_Baron_Baden-Powell
A3513,Robert_Boyle
A3514,Robert_Gascoyne-Cecil%2C_3rd_Marquess_of_Salisbury
A3515,Robert_Oppenheimer
A3516,Robert_Owen
A3517,Robert_Peel
A3518,Robert_Schumann
A3519,Robert_Stephenson
A3520,Robinson_Crusoe
A3521,Roche_limit
A3522,Rock_Bunting
A3523,Rock_Pigeon
A3524,Rock_of_Gibraltar
A3525,Rockall
A3526,Rocky_Mountains
A3527,Rococo
A3528,Roentgenium
A3529,Roman_Britain
A3530,Roman_Catholic_Church
A3531,Roman_Empire
A3532,Roman_Greece
A3533,Roman_Vishniac
A3534,Roman_law
A3535,Roman_mythology
A3536,Roman_road
A3537,Roman_villa
A3538,Romania
A3539,Romanticism
A3540,Rome
A3541,Romeo_and_Juliet
A3542,Romulus_Augustus
A3543,Ronald_Reagan
A3544,Rondane_National_Park
A3545,Rook_%28bird%29
A3546,Rosa_Parks
A3547,Rose-ringed_Parakeet
A3548,Rosemary
A3549,Rosetta_Stone
A3550,Rotterdam
A3551,Rowan_Williams
A3552,Royal_Air_Force
A3553,Royal_Dutch_Shell
A3554,Royal_Geographical_Society
A3555,Royal_Grammar_School_Worcester
A3556,Royal_Marines
A3557,Royal_National_Theatre
A3558,Royal_Navy
A3559,Royal_Parks_of_London
A3560,Rubidium
A3561,Rubik%27s_Cube
A3562,Rudolf_Vrba
A3563,Rudyard_Kipling
A3564,Rugby_World_Cup
A3565,Rugby_football
A3566,Rule_of_St_Benedict
A3567,Rupee
A3568,Russia
A3569,Russian_Revolution_of_1917
A3570,Russian_constitutional_crisis_of_1993
A3571,Russian_language
A3572,Ruthenium
A3573,Rutherford_B._Hayes
A3574,Rutherfordium
A3575,Rwanda
A3576,Rwandan_Genocide
A3577,S%C3%A3o_Paulo
A3578,S%C3%A3o_Tom%C3%A9
A3579,S%C3%A3o_Tom%C3%A9_and_Pr%C3%ADncipe
A3580,S%C3%B8ren_Kierkegaard
A3581,S-mine
A3582,S._A._Andr%C3%A9e%27s_Arctic_balloon_expedition_of_1897
A3583,SD26
A3584,SR-71_Blackbird
A3585,Safflower
A3586,Saffron
A3587,Sahara
A3588,Saint-Pierre_and_Miquelon
A3589,Saint_Helena
A3590,Saint_Joan_%28play%29
A3591,Saint_Kitts_and_Nevis
A3592,Saint_Lawrence_Seaway
A3593,Saint_Lucia
A3594,Saint_Petersburg
A3595,Saint_Vincent_and_the_Grenadines
A3596,Sakurajima
A3597,Saladin
A3598,Salford
A3599,Salsa_music
A3600,Salt
A3601,Salt_Lake_City%2C_Utah
A3602,Saltasaurus
A3603,Salvador_Dal%C3%AD
A3604,Samantha_Smith
A3605,Samarium
A3606,Samoa
A3607,Samuel_Beckett
A3608,Samuel_Taylor_Coleridge
A3609,San_Diegan
A3610,San_Diego_Electric_Railway
A3611,San_Diego_and_Arizona_Railway
A3612,San_Francisco%2C_California
A3613,San_Francisco_garter_snake
A3614,San_Jose%2C_California
A3615,San_Marino
A3616,Sand
A3617,Sand_art_and_play
A3618,Sand_shark
A3619,Sandringham_House
A3620,Sandur
A3621,Sandy_Koufax
A3622,Sanskrit
A3623,Sanssouci
A3624,Santa_Claus
A3625,Santamar%C3%ADa_%28volcano%29
A3626,Santiago%2C_Chile
A3627,Santorini
A3628,Sarajevo
A3629,Sardar_Vallabhbhai_Patel
A3630,Sasha_%28DJ%29
A3631,Sassanid_Empire
A3632,Saturn
A3633,Saturn_V
A3634,Saudi_Arabia
A3635,Saurischia
A3636,Sauropodomorpha
A3637,Sauroposeidon
A3638,Sauropsid
A3639,Saxicola
A3640,Saxophone
A3641,Scandium
A3642,Scanian_%28linguistics%29
A3643,Scattered_disc
A3644,Scelidosaurus
A3645,Scent_of_a_Woman
A3646,Schatzki_ring
A3647,Scheme_programming_language
A3648,Schizophrenia
A3649,Schr%C3%B6dinger_equation
A3650,Schuttern_Gospels
A3651,Science
A3652,Scientific_classification
A3653,Scooby-Doo
A3654,Scotch_College%2C_Perth
A3655,Scotland
A3656,Scotland_in_the_High_Middle_Ages
A3657,Scots_language
A3658,Scott_Special
A3659,Scottish_Episcopal_Church
A3660,Scottish_Gaelic_language
A3661,Scottish_Highlands
A3662,Scottish_mythology
A3663,Scouting
A3664,Scramble_for_Africa
A3665,Screw
A3666,Scrooge_McDuck
A3667,Sculpture
A3668,Scurvy
A3669,Sea
A3670,Sea_level_rise
A3671,Sea_of_Galilee
A3672,Seaborgium
A3673,Sean_Connery
A3674,Sears_Catalog_Home
A3675,Season
A3676,Seattle%2C_Washington
A3677,Seawater
A3678,Second_Boer_War
A3679,Second_Congo_War
A3680,Second_Crusade
A3681,Seed
A3682,Seinfeld
A3683,Selena
A3684,Selenium
A3685,Semiconductor
A3686,Semiconductor_device
A3687,Senate_of_Canada
A3688,Senegal
A3689,Senufo_languages
A3690,Seoul
A3691,Separation_of_powers_under_the_United_States_Constitution
A3692,September_11%2C_2001_attacks
A3693,Sequence_alignment
A3694,Sequoia
A3695,Serbia
A3696,Serbia_and_Montenegro
A3697,Serenity_%28film%29
A3698,Sermon_on_the_Mount
A3699,Sesame
A3700,Sesame_Street
A3701,Set
A3702,Severn_crossing
A3703,Seychelles
A3704,Sgt._Pepper%27s_Lonely_Hearts_Club_Band
A3705,Shabo_language
A3706,Shackleton_%28crater%29
A3707,Shaka
A3708,Shanghai
A3709,Shark
A3710,Sharon_Tate
A3711,Sheffield
A3712,Sheikh_Mujibur_Rahman
A3713,Shelduck
A3714,Shenzhou_6
A3715,Shenzhou_spacecraft
A3716,Shetland
A3717,Shielded_metal_arc_welding
A3718,Shigin
A3719,Shining_Path
A3720,Shinto
A3721,Ship
A3722,Shoe_polish
A3723,Short-beaked_Echidna
A3724,Shoshone_National_Forest
A3725,Shrimp_farm
A3726,Shrine_of_Remembrance
A3727,Shroud_of_Turin
A3728,Sichuan_Pepper
A3729,Sicilian_Baroque
A3730,Sickle-cell_disease
A3731,Siege
A3732,Siege_of_Antioch
A3733,Sierra_Leone
A3734,Sigmund_Freud
A3735,Sikhism
A3736,Sikkim
A3737,Silent_film
A3738,Silicon
A3739,Silurian
A3740,Silver
A3741,Sim%C3%B3n_Bol%C3%ADvar
A3742,SimCity
A3743,Simca_Vedette
A3744,Sinclair_Research_Ltd
A3745,Singapore
A3746,Sino-German_cooperation_%281911-1941%29
A3747,Sino-Roman_relations
A3748,Sirius
A3749,Sistine_Chapel_ceiling
A3750,Sitting_Bull
A3751,Six-party_talks_concerning_North_Korea%27s_nuclear_program
A3752,Sk%C3%A5neland
A3753,Ska
A3754,Skiing
A3755,Skylark
A3756,Slavery
A3757,Slavic_mythology
A3758,Sleep
A3759,Slovakia
A3760,Slovenia
A3761,Smallpox
A3762,Smog
A3763,Snaefell_Mountain_Railway
A3764,Snake_charming
A3765,Snow
A3766,Snow_Goose
A3767,Snowball_Earth
A3768,Snowdonia
A3769,Snowdonia_National_Park
A3770,Snowy_Owl
A3771,Social_anxiety
A3772,Social_capital
A3773,Social_contract_%28Malaysia%29
A3774,Socialism
A3775,Society
A3776,Society_of_Merchant_Venturers
A3777,Sociocultural_evolution
A3778,Sociology
A3779,Socrates
A3780,Soddo_language
A3781,Sodium
A3782,Sodium_hydroxide
A3783,Sodium_sulfate
A3784,Soil
A3785,Soil_moisture
A3786,Soil_pH
A3787,Soil_profile
A3788,Soil_salination
A3789,Soil_science
A3790,Soil_structure
A3791,Soils_retrogression_and_degradation
A3792,Solar_System
A3793,Solar_eclipse
A3794,Solomon_Islands
A3795,Somalia
A3796,Song_Thrush
A3797,Sonic_the_Hedgehog_%28character%29
A3798,Sony
A3799,Sorghum
A3800,Sorrel
A3801,Soukous
A3802,Sound
A3803,Soup
A3804,South_Africa
A3805,South_America
A3806,South_China_Sea
A3807,South_Georgia_and_the_South_Sandwich_Islands
A3808,South_Korea
A3809,South_Ossetia
A3810,Southampton
A3811,Southern_Africa
A3812,Southern_Ocean
A3813,Southern_Pacific_4449
A3814,Southern_Rockhopper_Penguin
A3815,Southern_United_States
A3816,Soviet_Union
A3817,Soybean
A3818,Space_Invaders
A3819,Space_Race
A3820,Space_Shuttle_Challenger
A3821,Space_Shuttle_Challenger_disaster
A3822,Space_Shuttle_Columbia
A3823,Space_Shuttle_Columbia_disaster
A3824,Space_Shuttle_Endeavour
A3825,Space_Shuttle_program
A3826,Space_exploration
A3827,Space_station
A3828,Space_suit
A3829,Spacecraft_propulsion
A3830,Spain
A3831,Spanish_Armada
A3832,Spanish_Inquisition
A3833,Spanish_conquest_of_the_Inca_Empire
A3834,Spanish_language
A3835,Sparrow
A3836,Sparrowhawk
A3837,Speaker_of_the_British_House_of_Commons
A3838,Speaker_of_the_United_States_House_of_Representatives
A3839,Special_relativity
A3840,Speech_synthesis
A3841,Speed_of_light
A3842,Sperm_Whale
A3843,Sphere
A3844,Spherical_aberration
A3845,Spider
A3846,Spinosaurus
A3847,Spirit_of_the_American_Doughboy
A3848,Spix%27s_Macaw
A3849,Split_infinitive
A3850,Sponsorship_Directdebit
A3851,Sport
A3852,Spotted_Flycatcher
A3853,Spring_%28season%29
A3854,Spring_Heeled_Jack
A3855,Sputnik_1
A3856,Sputnik_2
A3857,Sputnik_program
A3858,Spyware
A3859,Squash_%28sport%29
A3860,Sri_Lanka
A3861,Sri_Lankan_Civil_War
A3862,St_Buryan
A3863,St_Michael%27s_Mount
A3864,St_Paul%27s_Cathedral
A3865,Stag_beetle
A3866,Stage_%28theatre%29
A3867,Stained_glass
A3868,Stanis%C5%82aw_Koniecpolski
A3869,Stanis%C5%82aw_Lem
A3870,Stanley%2C_Falkland_Islands
A3871,Stanley_Baldwin
A3872,Star
A3873,StarCraft
A3874,Star_Fox__Assault
A3875,Star_Trek
A3876,Star_Trek__Deep_Space_Nine
A3877,Star_Trek__The_Original_Series
A3878,Star_Wars
A3879,Star_Wars_Episode_IV__A_New_Hope
A3880,Star_anise
A3881,Stargate_SG-1
A3882,Starling
A3883,Starship_Troopers
A3884,Statistics
A3885,Statue_of_Zeus_at_Olympia
A3886,Steam_engine
A3887,Steel
A3888,Stefan_Edberg
A3889,Stegosaurus
A3890,Stem_cell
A3891,Stephen_Harper
A3892,Stephen_Hawking
A3893,Stephen_Jay_Gould
A3894,Stephen_Trigg
A3895,Stephen_of_England
A3896,Steve_Davis
A3897,Stickleback
A3898,Still_Game
A3899,Stingray
A3900,Stock
A3901,Stock_car_%28rail%29
A3902,Stockholm
A3903,Stoicism
A3904,Stone_Age
A3905,Stonehenge
A3906,Storm_of_October_1804
A3907,Stornoway
A3908,Stourbridge_Lion
A3909,Strait_of_Malacca
A3910,Stratford-upon-Avon
A3911,String_theory
A3912,Stroke
A3913,Strontium
A3914,Struthiomimus
A3915,Stuttering
A3916,Stuttgart
A3917,Styracosaurus
A3918,Sub-Saharan_Africa
A3919,Suburbs_of_Johannesburg
A3920,Sucre
A3921,Sudan
A3922,Sudanic_languages
A3923,Sudoku
A3924,Suez_Canal
A3925,Suffrage
A3926,Sugar
A3927,Sugar_beet
A3928,Sugarcane
A3929,Suikinkutsu
A3930,Suleiman_the_Magnificent
A3931,Sulfur
A3932,Sulfuric_acid
A3933,Sultan
A3934,Sumac
A3935,Sumatra
A3936,Sumer
A3937,Summer
A3938,Summer_Hill%2C_New_South_Wales
A3939,Sumo
A3940,Sun
A3941,Sun_Tzu
A3942,Sun_Yat-sen
A3943,Sundew
A3944,Sunflower
A3945,Sunlight
A3946,Sunol_Water_Temple
A3947,Sunset_Boulevard_%281950_film%29
A3948,Super_14
A3949,Super_Bowl_XL
A3950,Super_Chief
A3951,Super_Mario_64
A3952,Super_Mario_Bros.
A3953,Superconductivity
A3954,Superman
A3955,Supermarine_Spitfire
A3956,Supply_and_demand
A3957,Supply_chain_management
A3958,Supreme_Court_of_the_United_States
A3959,Suriname
A3960,Surtsey
A3961,Sustainable_forestry
A3962,Sutton_Hoo
A3963,Svalbard
A3964,Svart%C3%A1lfar
A3965,Swallow
A3966,Swan
A3967,Swastika
A3968,Swaziland
A3969,Sweden
A3970,Swedish_allotment_system
A3971,Swift
A3972,Swiss_Federal_Council
A3973,Swissair_Flight_111
A3974,Switzerland
A3975,Sydney
A3976,Sydney_Newman
A3977,Sydney_Riot_of_1879
A3978,Sylvanus_Morley
A3979,Symmetry
A3980,Synthesizer
A3981,Syria
A3982,T-34
A3983,T._D._Judah
A3984,T._S._Eliot
A3985,TGV
A3986,Tacitean_studies
A3987,Tagoi_language
A3988,Taipei
A3989,Taiwan
A3990,Taj_Mahal
A3991,Tajikistan
A3992,Talc
A3993,Tamarind
A3994,Tamil_language
A3995,Tamil_people
A3996,Tank
A3997,Tansy
A3998,Tantalum
A3999,Tanzania
A4000,Tao_Te_Ching
A4001,Taoism
A4002,Tarragon
A4003,Tashkent
A4004,Tasmanian_Devil
A4005,Tawny_Owl
A4006,Tay-Sachs_disease
A4007,Tay_Rail_Bridge
A4008,TeX
A4009,Tea
A4010,Technetium
A4011,Technology
A4012,Tehran
A4013,Tel_Aviv
A4014,Telecommunication
A4015,Telephone
A4016,Telephone_exchange
A4017,Telescope
A4018,Television
A4019,Tellurium
A4020,Temperate
A4021,Temple_of_Artemis
A4022,Templon
A4023,Tennis
A4024,Tennis_Masters_Cup
A4025,Tenzin_Gyatso%2C_14th_Dalai_Lama
A4026,Tenzing_Norgay
A4027,Terbium
A4028,Terik
A4029,Tern
A4030,Terrorism
A4031,Textile
A4032,Thailand
A4033,Thalassemia
A4034,Thallium
A4035,The_Absent-Minded_Beggar
A4036,The_Adventures_of_Tintin
A4037,The_Anarchy
A4038,The_Ashes
A4039,The_Bahamas
A4040,The_Beano
A4041,The_Beatles
A4042,The_Beatles_discography
A4043,The_Blitz
A4044,The_Broads
A4045,The_Brothers_Karamazov
A4046,The_Canadian
A4047,The_Cantos
A4048,The_Cat_in_the_Hat
A4049,The_Catcher_in_the_Rye
A4050,The_Catlins
A4051,The_Championships%2C_Wimbledon
A4052,The_Children%27s_Machine
A4053,The_Count_of_Monte_Cristo
A4054,The_Country_Wife
A4055,The_Curious_Incident_of_the_Dog_in_the_Night-time
A4056,The_Dandy
A4057,The_Fairy-Queen
A4058,The_Famous_Five_%28characters%29
A4059,The_Fens
A4060,The_Frogs
A4061,The_Gambia
A4062,The_Godfather
A4063,The_Great_Exhibition
A4064,The_Hague
A4065,The_Hitchhiker%27s_Guide_to_the_Galaxy
A4066,The_Hobbit
A4067,The_Holocaust
A4068,The_Illuminatus%21_Trilogy
A4069,The_Importance_of_Being_Earnest
A4070,The_Iron_Bridge
A4071,The_King%27s_Regiment_%28Liverpool%29
A4072,The_Last_Supper_%28Leonardo%29
A4073,The_Legend_of_Zelda_series
A4074,The_Lion%2C_the_Witch_and_the_Wardrobe
A4075,The_Lion_King
A4076,The_Lorax
A4077,The_Lord_of_the_Rings
A4078,The_Lord_of_the_Rings_film_trilogy
A4079,The_Magic_Flute
A4080,The_Marriage_of_Figaro
A4081,The_Merchant_of_Venice
A4082,The_Mismeasure_of_Man
A4083,The_Old_Man_and_the_Sea
A4084,The_Origin_of_Species
A4085,The_Oz_books
A4086,The_Picture_of_Dorian_Gray
A4087,The_Pilgrim%27s_Progress
A4088,The_Quatermass_Experiment
A4089,The_Relapse
A4090,The_Rime_of_the_Ancient_Mariner
A4091,The_Rite_of_Spring
A4092,The_Rolling_Stones
A4093,The_Seagull
A4094,The_Shawshank_Redemption
A4095,The_Simpsons
A4096,The_Smiths
A4097,The_Supremes
A4098,The_Temptations
A4099,The_Wall_Street_Journal
A4100,The_Waste_Land
A4101,The_West_Wing_%28TV_series%29
A4102,The_X-Files
A4103,Theatre
A4104,Theatre_Royal%2C_Drury_Lane
A4105,Theatre_in_the_round
A4106,Theodore_Roosevelt
A4107,Therizinosaurus
A4108,Thermodynamic_temperature
A4109,Thermodynamics
A4110,Theropoda
A4111,Theta
A4112,Thiamine
A4113,Third_Servile_War
A4114,Thomas_Aquinas
A4115,Thomas_Becket
A4116,Thomas_Cranmer
A4117,Thomas_Edison
A4118,Thomas_Gainsborough
A4119,Thomas_Hobbes
A4120,Thomas_Jefferson
A4121,Thomas_Malthus
A4122,Thomas_More
A4123,Thomas_Pynchon
A4124,Thomas_Samuel_Kuhn
A4125,Thor
A4126,Thorax
A4127,Thorium
A4128,Thrasybulus
A4129,Three_Gorges_Dam
A4130,Three_Laws_of_Robotics
A4131,Three_Mile_Island_accident
A4132,Thrush_%28bird%29
A4133,Thucydides
A4134,Thulium
A4135,Thunderstorm
A4136,Tiananmen_Square_protests_of_1989
A4137,Tibet
A4138,Tide
A4139,Tiger
A4140,Tiger_Woods
A4141,Tiger_shark
A4142,Tigris
A4143,Tijuana
A4144,Tiktaalik
A4145,Tim_Berners-Lee
A4146,Tim_Henman
A4147,Timbuktu
A4148,Time
A4149,Time_zone
A4150,Timeline_of_discovery_of_solar_system_planets_and_their_natural_satellites
A4151,Timken_1111
A4152,Timur
A4153,Tin
A4154,Tin%28II%29_chloride
A4155,Tin_whistle
A4156,Tiridates_I_of_Armenia
A4157,Titanium
A4158,Titanosauridae
A4159,To_Kill_a_Mockingbird
A4160,Tobacco
A4161,Tobacco_smoking
A4162,Tofu
A4163,Togo
A4164,Tokelau
A4165,Tokyo
A4166,Toluene
A4167,Tom_and_Jerry_%28MGM%29
A4168,Tone_cluster
A4169,Tonga
A4170,Tony_Blair
A4171,Tooth_development
A4172,Tooth_enamel
A4173,Top_of_the_Pops
A4174,Topology
A4175,Toraja
A4176,Tornado
A4177,Toronto
A4178,Tottenham_Hotspur_F.C.
A4179,Tour_de_France
A4180,Tourette_syndrome
A4181,Tourism
A4182,Tower_Bridge
A4183,Tower_of_London
A4184,Toy
A4185,Toy_Story
A4186,Trabancos_River
A4187,Trade_and_usage_of_saffron
A4188,Trade_union
A4189,Trafalgar_Square
A4190,Train
A4191,Trans-Siberian_Railway
A4192,Transit_of_Venus
A4193,Transport
A4194,Trapdoor_spider
A4195,Treasure_Island
A4196,Treaty_of_Devol
A4197,Treaty_of_Versailles
A4198,Tree
A4199,Tree_Sparrow
A4200,Tree_frog
A4201,Treecreeper
A4202,Trench_warfare
A4203,Triassic
A4204,Triathlon
A4205,Tribe
A4206,Triceratops
A4207,Trichinosis
A4208,Triggerplant
A4209,Trigonometric_function
A4210,Trigonometry
A4211,Trimurti
A4212,Trinidad_and_Tobago
A4213,Trinity
A4214,Trinity_College%2C_Cambridge
A4215,Trinity_test
A4216,Tripitaka
A4217,Tripoli
A4218,Triumph_of_the_Will
A4219,Trobairitz
A4220,Trojan_War
A4221,Troodon
A4222,Troop_sleeper
A4223,Tropical_Storm_Allison
A4224,Tropical_Storm_Ana_%282003%29
A4225,Tropical_Storm_Bilis_%282006%29
A4226,Tropical_Storm_Bonnie_%282004%29
A4227,Tropical_Storm_Chris_%282006%29
A4228,Tropical_Storm_Danielle_%281992%29
A4229,Tropical_Storm_Delta_%282005%29
A4230,Tropical_Storm_Franklin_%282005%29
A4231,Tropical_Storm_Harvey_%282005%29
A4232,Tropical_Storm_Henri_%282003%29
A4233,Tropical_Storm_Isabel_%281985%29
A4234,Tropical_Storm_Larry_%282003%29
A4235,Tropical_Storm_Lee_%282005%29
A4236,Tropical_Storm_Leslie_%282000%29
A4237,Tropical_Storm_Matthew_%282004%29
A4238,Tropical_Storm_Odette_%282003%29
A4239,Tropical_Storm_Vamei
A4240,Tropical_Storm_Zeta_%282005%29
A4241,Tropical_cyclone
A4242,Tropics
A4243,Trout
A4244,Trumpet
A4245,Tsar_Bomba
A4246,Tsunami
A4247,Tuatara
A4248,Tuberculosis
A4249,Tufted_Duck
A4250,Tuna
A4251,Tungsten
A4252,Tunis
A4253,Tunisia
A4254,Tupac_Shakur
A4255,Turin
A4256,Turkey
A4257,Turkey_%28bird%29
A4258,Turkish_Republic_of_Northern_Cyprus
A4259,Turkish_literature
A4260,Turkmenistan
A4261,Turks_and_Caicos_Islands
A4262,Turmeric
A4263,Turner_syndrome
A4264,Turquoise
A4265,Turtle
A4266,Tutsi
A4267,Tuvalu
A4268,Tycho_Brahe
A4269,Typewriter
A4270,Typhoon_Ewiniar_%282006%29
A4271,Typhoon_Saomai_%282006%29
A4272,Tyrannosaurus
A4273,U.S._Navy_Marine_Mammal_Program
A4274,U.S._Open_%28tennis%29
A4275,U.S._Route_66
A4276,U.S._state
A4277,U2
A4278,USS_Wisconsin_%28BB-64%29
A4279,Ubuntu_%28Linux_distribution%29
A4280,Uffington_White_Horse
A4281,Uganda
A4282,Ukraine
A4283,Ukulele
A4284,Ulawun
A4285,Ultimatum_game
A4286,Ultraviolet
A4287,Uluru
A4288,Ulysses_S._Grant
A4289,Umbrella_Cockatoo
A4290,Underground_%28stories%29
A4291,Union_Flag
A4292,Union_Station_%28San_Diego%29
A4293,United_Arab_Emirates
A4294,United_Kingdom
A4295,United_Kingdom_national_football_team
A4296,United_Malays_National_Organisation
A4297,United_Nations
A4298,United_States
A4299,United_States_Bill_of_Rights
A4300,United_States_Congress
A4301,United_States_Constitution
A4302,United_States_Declaration_of_Independence
A4303,United_States_House_of_Representatives
A4304,United_States_Numbered_Highways
A4305,United_States_Senate
A4306,United_States_Virgin_Islands
A4307,United_States_dollar
A4308,United_for_Peace_and_Justice
A4309,Universe
A4310,University
A4311,University_of_Bristol
A4312,University_of_Cambridge
A4313,University_of_Chicago
A4314,University_of_Texas_at_Austin
A4315,Unix
A4316,Ununbium
A4317,Ununhexium
A4318,Ununoctium
A4319,Ununpentium
A4320,Ununquadium
A4321,Ununtrium
A4322,Upsilon_Andromedae
A4323,Upsilon_Andromedae_b
A4324,Upsilon_Andromedae_c
A4325,Upsilon_Andromedae_d
A4326,Uranium
A4327,Uranus
A4328,Urial
A4329,Ursuline_Convent_Riots
A4330,Uruguay
A4331,Utilitarianism
A4332,Utrecht_%28city%29
A4333,Uzbekistan
A4334,Vacutainer
A4335,Valpara%C3%ADso
A4336,Vampire
A4337,Vampire_bat
A4338,Van_Halen
A4339,Vanadium
A4340,Vancouver
A4341,Vanilla
A4342,Vanuatu
A4343,Varanasi
A4344,Vasco_da_Gama
A4345,Vatican_City
A4346,Vegetable
A4347,Vegetation
A4348,Velociraptor
A4349,Venezuela
A4350,Venn_diagram
A4351,Venus
A4352,Venus_and_Adonis_%28opera%29
A4353,Vernon_Kell
A4354,Vertebrate
A4355,Vestigial_structure
A4356,Vicia_faba
A4357,Victor_Hugo
A4358,Victoria%2C_Seychelles
A4359,Victoria_Cross
A4360,Victoria_of_the_United_Kingdom
A4361,Video
A4362,Vienna
A4363,Vietnam
A4364,Vietnam_War
A4365,Viking
A4366,Vinaya
A4367,Vincent_van_Gogh
A4368,Virgil
A4369,Virginian_Railway
A4370,Virtuti_Militari
A4371,Virus
A4372,Visual_arts
A4373,Vitamin
A4374,Vitamin_C
A4375,Vitamin_D
A4376,Vitus_Bering
A4377,Vivien_Leigh
A4378,Vladimir_Lenin
A4379,Vodafone
A4380,Volcanic_pipe
A4381,Volcano
A4382,Vole
A4383,Volga_River
A4384,Volleyball
A4385,Volt
A4386,Voltaire
A4387,Voting
A4388,Vowel
A4389,Voynich_manuscript
A4390,Vulgar_Latin
A4391,Vulture
A4392,W._Mark_Felt
A4393,WTA_Tour_Championships
A4394,Wader
A4395,Waheguru
A4396,Wake_Island
A4397,Wales
A4398,Wall_Street
A4399,Wallaby
A4400,Wallis_and_Futuna
A4401,Walrus
A4402,Walt_Disney
A4403,Walt_Whitman
A4404,Walter_Raleigh
A4405,Walter_Scott
A4406,War
A4407,War_and_Peace
A4408,War_in_Somalia_%282006%E2%80%93present%29
A4409,War_of_the_League_of_Cambrai
A4410,War_of_the_Spanish_Succession
A4411,Ward_Cunningham
A4412,Warren_G._Harding
A4413,Wars_of_Castro
A4414,Wars_of_the_Roses
A4415,Warsaw
A4416,Warsaw_Uprising_%281794%29
A4417,Wasabi
A4418,Washington%2C_D.C.
A4419,Washington_Metro
A4420,Washington_streetcars
A4421,Wasp
A4422,Waste_management
A4423,Watch
A4424,Watchmen
A4425,Water
A4426,Water_Buffalo
A4427,Water_polo
A4428,Water_purification
A4429,Water_resources
A4430,Watercolor_painting
A4431,Watling_Street
A4432,Wave
A4433,Wave%E2%80%93particle_duality
A4434,Wayne_Rooney
A4435,Weakest_Link
A4436,Weapon
A4437,Weasel
A4438,Weather
A4439,Weather_forecasting
A4440,Weather_map
A4441,Weed
A4442,Weight_training
A4443,Weimar_Republic
A4444,Welding
A4445,Wellington
A4446,Welsh_law
A4447,Wernher_von_Braun
A4448,Wessex
A4449,West_Bank
A4450,West_Flemish
A4451,West_Virginia
A4452,Western_Front_%28World_War_I%29
A4453,Western_Roman_Empire
A4454,Western_Sahara
A4455,Western_painting
A4456,Westminster_Abbey
A4457,Westminster_System
A4458,Weston-super-Mare
A4459,Westport_Country_Playhouse
A4460,Weyauwega_derailment
A4461,Weymouth
A4462,Weyto_language
A4463,Whale
A4464,Whale_shark
A4465,Whale_song
A4466,Wheat
A4467,Where_Did_Our_Love_Go
A4468,Whipworm
A4469,White%27s_Tree_Frog
A4470,White-tailed_Eagle
A4471,White_Mountain_art
A4472,White_Wagtail
A4473,White_cliffs_of_Dover
A4474,Whitethroat
A4475,Whitney_Joins_The_JAMs
A4476,Whooping_Crane
A4477,Wigeon
A4478,Wikimedia_Foundation
A4479,Wikinews
A4480,Wikipedia
A4481,Wikipedia_Text_of_the_GNU_Free_Documentation_License
A4482,Wikisource
A4483,Wikispecies
A4484,Wild_cat
A4485,Wildebeest
A4486,Willem_Barents
A4487,William_Butler_Yeats
A4488,William_Edington
A4489,William_Ewart_Gladstone
A4490,William_Gilbert
A4491,William_Gladstone
A4492,William_Harvey
A4493,William_Henry_Harrison
A4494,William_Hogarth
A4495,William_Howard_Taft
A4496,William_III_of_England
A4497,William_II_of_England
A4498,William_IV_of_the_United_Kingdom
A4499,William_I_of_England
A4500,William_Mahone
A4501,William_McKinley
A4502,William_N._Page
A4503,William_Pitt_the_Younger
A4504,William_Renshaw
A4505,William_Shakespeare
A4506,William_Tecumseh_Sherman
A4507,William_Thomson%2C_1st_Baron_Kelvin
A4508,William_Wilberforce
A4509,William_and_Mary
A4510,William_the_Silent
A4511,Wind
A4512,Windows_2000
A4513,Windows_Vista
A4514,Windows_XP
A4515,Windsor_Castle
A4516,Wine
A4517,Winfield_Scott_%28ship%29
A4518,Winfield_Scott_Hancock
A4519,Winston_Churchill
A4520,Winston_Tunnel
A4521,Winter
A4522,Witold_Pilecki
A4523,Wolf_Brother
A4524,Wolfgang_Amadeus_Mozart
A4525,Wolverine
A4526,Wombat
A4527,Women%27s_rights
A4528,Wood
A4529,Wood_Pigeon
A4530,Wood_fuel
A4531,Woodpecker
A4532,Woodrow_Wilson
A4533,Woodruff
A4534,Woodworking
A4535,WorkChoices
A4536,Work_%28thermodynamics%29
A4537,Working_poor
A4538,World_Bank_Group
A4539,World_Health_Organization
A4540,World_Heritage_Site
A4541,World_Trade_Organization
A4542,World_War_I
A4543,World_War_II
A4544,World_Wide_Web
A4545,Worm
A4546,Wowpurchase
A4547,Wren
A4548,Wrench
A4549,Wrestling
A4550,Wright_brothers
A4551,Writing
A4552,Wyndham_Robertson
A4553,X-Men__The_Last_Stand
A4554,X_Window_System
A4555,X_Window_System_protocols_and_architecture
A4556,X_Window_core_protocol
A4557,Xanadu_House
A4558,Xenon
A4559,Yagan
A4560,Yak
A4561,Yamoussoukro
A4562,Yangtze_River
A4563,Yarralumla%2C_Australian_Capital_Territory
A4564,Yeast
A4565,Yellow_River
A4566,Yellow_fever
A4567,Yellowhammer
A4568,Yellowstone_National_Park
A4569,Yemen
A4570,Yenisei_River
A4571,Yes_Minister
A4572,Yeti
A4573,Yom_Kippur_War
A4574,York
A4575,Yorkshire_Dales
A4576,Yotsuya_Kaidan
A4577,You%27re_Still_the_One
A4578,Ytterbium
A4579,Yttrium
A4580,Yugoslavia
A4581,Yungay%2C_Peru
A4582,Yuri_Gagarin
A4583,Yuri_Knorosov
A4584,Z%C3%BCrich
A4585,ZX_Spectrum
A4586,Zachary_Taylor
A4587,Zambezi
A4588,Zambia
A4589,Zara_Yaqob
A4590,Zebra
A4591,Zebra_shark
A4592,Zeus
A4593,Zhang_Qian
A4594,Zheng_He
A4595,Ziad_Jarrah
A4596,Zimbabwe
A4597,Zinc
A4598,Zinc_chloride
A4599,Zion_National_Park
A4600,Zionism
A4601,Zirconium
A4602,Zoroaster
A4603,Zuid-Gelders
A4604,Zulu
